,Environmental Conditions,Cultivar Susceptibility,Crop Management Practices,Pest Infestations,Soil Health,Planting Material Quality,Geographical Location,Cultural Practices,Disease History,Disease Surveillance and Monitoring
0,32.78853597,0.4843976066247877,22.32107381,6.766994874,1.782449494,0.029797219,0,0.232660893,0.602018729,0.561245063
1,34.32039226,0.419519821,27.81907082,7.588073671,5.80212907116391,0.277871342,0,0.957213072,0.336594545,0.092745843
2,21.93432754,0.603726031,72.97317867,9.73115764,5.968365681,0.618519752,1,0.577352145,0.704571836,0.045824384
3,24.55796551,0.079791977,10.10014294,6.356844443,4.331628704,0.266977822,2,0.648035385,0.609131006,0.171138648
4,34.58253596,0.4675604812964226,98.95233506,5.569497438,8.585667282,0.229048072,0,0.805045801,0.401164787,0.066188605
5,38.26272248,0.717914271,49.92312595,6.428518702,5.790476208854141,0.47096426129312086,2,0.561368134,0.262741609,0.58458599
6,37.95645767,0.219320759,50.95262937,4.8021084528082,6.237579646720936,0.49994606331803304,2,0.159982002,0.680481213,0.596409031
7,27.69534623,0.468049888,55.32258962,6.802834103,5.760271096730079,0.7508778,2,0.340175473,0.293500129,0.158157754
8,20.06490632,0.719680669,76.19621991,1.064108228,8.575024134,0.198911102,1,0.7625108,0.53937903,0.778626479
9,30.60707344,0.4777628852082481,1.947674239,8.787218778,3.767627129,0.4651119108448324,2,0.946949445,0.085653452,0.485990463
10,21.38425037,0.765834429,47.765886571204724,5.498035935,8.85189737,0.211798205,2,0.755265197,0.689867632,0.712948973
11,27.979846,0.373420503,45.14861414,0.640258963,5.755755887222178,0.588440114,0,0.070993086,0.631102957,0.228941784
12,38.10840026,0.07085735,66.89777783,1.323118487,6.13938784,0.784619424,1,0.190409914,0.096930814,0.431051182
13,28.47157246,0.729075849,98.41652114,5.130200260169168,4.053723449,0.248656334,0,0.536285754,0.140182297,0.183488036
14,29.25256137,0.075384888,85.59668925,5.362684977566995,5.865291443,0.5148537693559435,0,0.926366983,0.848695734,0.166311111
15,29.71282251,0.401040293,50.07114012050747,9.853088438,8.056635418,0.423007486,2,0.995422689,0.555768323,0.718408275
16,23.09593651,0.968709365,54.21952014,0.571652729,5.525653446,0.157432728,2,0.080111465,0.185824961,0.595035106
17,33.50425107,0.119886614,24.62153478,6.193815103,6.253050604,0.934706258,0,0.669725975,0.314183863,0.265614513
18,22.61756564,0.457224573,93.57342874,4.808956683931087,6.066942811,0.5468757658351657,2,0.213154312,0.265200415,0.933259378
19,37.61728347,0.369527089,47.67096614249209,7.035399251,9.885097573,0.007823107,2,0.299378752,0.663388715,0.938930004
20,22.68582229,0.4851476905643114,52.006116883699804,2.723482123,7.458509684,0.634237959,1,0.505409058,0.251121252,0.908159046
21,21.01597787,0.829348089,49.0747164463457,1.308196607,2.454237786,0.705667447,2,0.0096697,0.07524386,0.883106393
22,38.07857143,0.83459502,14.80937856,4.874976792376134,9.090833399,0.860702582,1,0.210076538,0.249529739,0.102793622
23,35.60232484,0.40637739,15.45533383,8.646056962,8.296945479,0.024786362,2,0.924487295,0.782386496,0.411713167
24,33.39814259,0.248167241,48.516330618582465,3.825417226,5.783668619709495,0.19957283,1,0.349658424,0.820536381,0.871323036
25,24.45847094,0.398465979,6.942075466,3.511461291,7.115663065,0.331149868,0,0.115341752,0.970400611,0.178567816
26,39.25068632,0.108402547,72.85450607,6.062088533,4.4667589,0.254722506,2,0.436057515,0.519920349,0.80651087
27,33.73714294,0.737037693,48.23845266010348,9.48874486,6.60839869,0.124625316,1,0.507122504,0.666892904,0.326182905
28,33.94416828,0.191840093,37.91452771,1.740273432,4.654676519,0.303874949,0,0.42988815,0.579984781,0.654705624
29,29.2997638,0.213701401,90.11808258,1.696913962,5.676280335863758,0.632940856,1,0.0933872,0.951999662,0.234868599
30,26.20838929,0.147353962,48.54155777710117,6.112739731,5.098745515,0.575670899,2,0.69635425,0.494377169,0.24398444
31,33.12116022,0.4682025359239362,77.00461886,5.136405210160103,2.582980135,0.51795775,0,0.557405794,0.917470014,0.121358599
32,22.66678211,0.531131886,31.72979575,4.425734253,9.028182667,0.90685473,1,0.897208103,0.743655442,0.474674437
33,25.18383097,0.637661437,52.12998128,2.745974469,4.830748141121255,0.271715107,1,0.893026833,0.080577658,0.150830658
34,27.66070585,0.47618614499109874,41.48678959,4.659243034,4.8770032071504605,0.389476813,2,0.946062034,0.019531957,0.880656673
35,31.51380694,0.942741657,38.99866481,8.357286708,7.611706547,0.897811347,1,0.219421635,0.435835976,0.02902482
36,26.72259087,0.404316669,51.270512088600626,1.276277973,1.242698067,0.564391983,0,0.083947462,0.42861277,0.866851356
37,23.63458053,0.327352667,33.75005481,2.782566156,4.794083441,0.470306836,2,0.539419048,0.999907829,0.349960344
38,33.00288186,0.651754655,94.96117327,4.854124922183273,5.250818129720731,0.5253664526243391,0,0.473561061,0.114389446,0.947757022
39,29.30067967,0.368895174,96.37347441,7.777918862,5.546873942851236,0.578684733,1,0.575796728,0.908026151,0.375306959
40,38.82941197,0.47843354220247664,83.05716338,6.971930025,7.158331352,0.796227217,2,0.782635346,0.347203765,0.428378013
41,27.41141752,0.341231175,82.23309181,4.768640489404563,6.720265955,0.707308644,1,0.176136961,0.521746747,0.650457414
42,32.31824708,0.77464145,82.57345984,3.22304583,9.411596908,0.450802,1,0.569849645,0.66818847,0.33639662
43,29.88613007,0.487549932,25.83524089,5.961550079,6.002119251,0.191056424,0,0.720074664,0.488577847,0.758164653
44,33.81218679,0.490821335,9.305335055,6.917871553,6.234000268,0.530921931,1,0.996631464,0.550388473,0.351810528
45,29.07490526,0.230538041,31.5547944,9.508775604,2.723868757,0.276499627,2,0.976607023,0.524636869,0.282998703
46,22.01052216,0.4668882944990004,17.94415437,5.265941678299875,3.468801941,0.553358967,2,0.944089615,0.637869655,0.752792176
47,22.05175294,0.4891773627725012,47.87142086,9.654976431,8.755506682,0.5222692935807419,0,0.400707442,0.07408217,0.629445707
48,21.07218149,0.49042830073168836,30.38355118,1.184515622,6.456858861,0.225687137,2,0.380378026,0.908504378,0.297353133
49,31.77050277,0.568629471,51.746131090863685,0.992335748,6.629635274,0.081187465,0,0.173813548,0.075064869,0.002675723
50,29.01007409,0.291259289,70.69558299,4.540313264,9.3151994,0.625058007,2,0.80390568,0.197819214,0.114776302
51,24.49618901,0.49469298143540896,14.22362854,4.61526834351618,6.355396336,0.921192529,1,0.124353658,0.688677991,0.699733685
52,38.85352481,0.493795219,50.0200188540374,5.201713196727166,3.90089425,0.091326887,2,0.835958614,0.575199109,0.950786278
53,39.99144834,0.269511026,47.49821485465649,4.705008233,9.244655091,0.44739933280198263,2,0.435884987,0.814244945,0.969055236
54,29.4002079,0.321058256,48.518580880988495,4.788669507074998,5.459221189,0.400452255,2,0.03669713,0.088059793,0.252398851
55,22.31843203,0.864910584,0.115106745,4.61976345,5.385165785009174,0.622633873,1,0.625408742,0.759990536,0.203558238
56,30.98439278,0.438116095,12.14260834,6.088716671,2.425403474,0.552251409,0,0.224700659,0.841405682,0.113461118
57,38.94121485,0.153971124,29.18615603,4.154903429,5.249978037,0.144641968,0,0.92186815,0.508240892,0.879326255
58,37.28053869,0.790006182,93.42483937,8.205494732,3.687002648,0.998902333,1,0.865260595,0.446547393,0.484341386
59,26.64879911,0.377210054,86.96016832,2.388055442,8.704116784,0.318176327,1,0.705227881,0.811408903,0.386078752
60,33.27377659,0.980818139,3.701961135,5.901804293,8.867713366,0.525951087,1,0.015347598,0.144155416,0.870932971
61,39.39913588,0.49367012975232505,26.50227795,3.974833239,5.9968157342592825,0.674357495,2,0.380009398,0.316661154,0.718717425
62,35.18803619,0.0358991,51.11005406443526,9.209290988,7.720897301,0.098443126,2,0.703890829,0.10050724,0.166364787
63,25.9893216,0.4869558441935352,5.611922811,4.306867879,4.708465741,0.180056886,0,0.078968351,0.870839599,0.619710369
64,24.81659584,0.14311772,25.39773394,0.093974315,9.110884812,0.157975622,1,0.945235635,0.987651695,0.299154249
65,39.24058146,0.456835813,99.93735655,1.066532674,4.230632418,0.69927908,0,0.977944485,0.658229816,0.27448038
66,31.31858034,0.744668841,49.826536851320085,4.967272865,3.575747363,0.607064998,1,0.219004539,0.190131989,0.2506268
67,35.11154647,0.680855094,52.519418101935955,5.237097812519614,1.354803166,0.033364531,1,0.732359768,0.090133376,0.295110452
68,34.9496173,0.46177055705731146,53.64278158285991,9.714895812,9.22138277,0.256970085,1,0.967384076,0.295141449,0.870396959
69,36.08465077,0.075299361,22.56146957,6.744062303,8.611700335,0.090302876,1,0.013918655,0.536572308,0.454786028
70,33.45656764,0.584560092,94.02918918,4.859987610859897,1.225221847,0.561407382,2,0.2213672,0.063217041,0.823855351
71,38.18775277,0.408295856,47.37372322906405,3.043645844,1.874727988,0.135664049,1,0.371011515,0.949380768,0.696483992
72,30.80384991,0.726599151,65.49218975,6.156522141,3.517661261,0.217269685,1,0.95055517,0.855450193,0.099354625
73,33.71360531,0.977842529,39.81396427,4.7713713613642135,5.706204818885701,0.454717369,2,0.212105815,0.639492919,0.971093312
74,21.01157021,0.988820904,20.52055751,5.542077885,8.31747683,0.774368578,2,0.002835551,0.858406126,0.14468798
75,22.59984263,0.174497121,2.578014979,4.64766043503648,3.141384455,0.174246201,0,0.126758544,0.420960557,0.113649307
76,21.27116076,0.362038974,45.20054199,6.151068363,9.178765191,0.301630329,2,0.964026183,0.060825407,0.478981911
77,28.03234509,0.490268854,7.349071577,5.124101775966245,1.5911401,0.633076724,2,0.712152796,0.380904399,0.597391855
78,25.89795492,0.430199326,11.44140724,8.777062131,8.789430841,0.888091022,1,0.338931619,0.453498903,0.41598965
79,21.90171679,0.665107863,15.26389248,0.671333081,1.839070915,0.5304863382290731,2,0.372646859,0.130115454,0.059980978
80,39.13249248,0.670013265,87.36073722,4.229368558,1.46301472,0.312448899,0,0.577918518,0.212738806,0.656736303
81,24.48489738,0.4808089013968918,36.75610506,5.741000043,8.606396452,0.81842686,2,0.674976711,0.556739755,0.608994916
82,33.15662456,0.028953181,76.2409518,3.510234207,5.560586589064531,0.5152776334351202,2,0.400784344,0.141874654,0.633172013
83,20.61314197,0.21513288,34.08959818,7.215959677,6.10834201,0.5600677454389891,0,0.155579903,0.754435879,0.049762492
84,21.63163055,0.424014773,41.41837379,5.123463058,1.99800795,0.59313425,2,0.667132559,0.045417363,0.395263396
85,31.98649914,0.4985138946116365,21.12339792,4.960331133205048,3.953101203,0.495640738068826,2,0.430655011,0.129185702,0.532582348
86,24.60221432,0.668048172,39.70711742,4.362195955,1.700763507,0.429284286,1,0.709498962,0.41769396,0.115173373
87,20.41713118,0.801322154,83.20259131,0.881298813,3.189848273,0.523962543,1,0.870524416,0.745804826,0.221572059
88,35.58235737,0.495632451609815,53.06048208,4.818518055858949,4.159897615,0.645442976,0,0.236268849,0.146444218,0.197271803
89,32.04797971,0.655509011,45.13862142192194,4.94117025,7.838894346,0.924154258,2,0.642991831,0.986531948,0.323208242
90,39.41946128,0.439762816,63.138512,5.914197568,1.667715906,0.037607246,1,0.831696632,0.076731001,0.864250034
91,37.10586743,0.507067817,55.43163713,8.958767656,8.288343259,0.321526763,1,0.501367302,0.957722359,0.450523109
92,36.21933623,0.982385581,50.01288878291344,0.391421262,9.918874204,0.609805406,1,0.372851982,0.282893579,0.408769397
93,26.76734294,0.789226932,6.591185428,5.265100346079756,3.557322765,0.656564086,2,0.873279662,0.333362036,0.582739515
94,22.82856761,0.967696508,39.19579843,9.380021996,4.390113755,0.813184784,2,0.702830872,0.947108624,0.997164113
95,38.24895971,0.4966845897435965,50.84884864,4.844527292289529,9.560523822,0.766156208,0,0.226543047,0.137565353,0.077165084
96,36.88856777,0.5002941309787131,83.51198266,0.377474924,7.89676844,0.5019535445665575,1,0.154252761,0.180845967,0.692845641
97,32.4948096,0.721182998,53.23322057958652,7.195856738,6.495358799,0.783800359,0,0.53401115,0.309467897,0.808623871
98,29.3803121,0.367840958,98.44397935,2.817717327,5.747138096,0.81689124,2,0.138398535,0.250003212,0.641179036
99,37.4823389,0.102589732,85.11660481,7.631168303,9.147755881,0.5129017762220115,1,0.09171357,0.910504954,0.816703256
100,37.69259547,0.414896906,37.39614877,0.816054372,3.868163879,0.4740455223637323,2,0.649960684,0.791380637,0.137599588
101,25.73758795,0.696071989,51.483395288373714,4.48601474,5.353887862139374,0.5271068738587126,1,0.215654744,0.149519619,0.940225949
102,32.17760198,0.776172633,12.18483452,6.389517322,1.565264359,0.499829222,2,0.016435352,0.51537573,0.241938134
103,22.8715368,0.614809583,41.65675952,0.85613955,1.609113906,0.507327697,2,0.554151952,0.390453733,0.470135078
104,32.71341583,0.253650261,49.35402626616846,3.448024932,6.654312662,0.735186985,1,0.13340959,0.352299046,0.338547258
105,32.85591232,0.684682566,47.85311716,4.859750236505941,5.871633730724391,0.943605151,0,0.293442571,0.043806276,0.199469834
106,20.83811884,0.515383589,54.30306977,7.532909188,5.438998765011061,0.780841567,2,0.331924686,0.124475008,0.368019174
107,37.78973034,0.894637495,97.37235843,4.975233925,5.673482682,0.727081324,0,0.430607152,0.995098165,0.180456486
108,25.87532838,0.47243491355813694,29.56399493,7.176629113,5.1341382709173455,0.44712966,2,0.870037175,0.35255931,0.998150598
109,25.4911072,0.947904379,47.6015400356538,3.633111307,7.11469547,0.142779468,2,0.678088872,0.438172825,0.126230024
110,24.71990761,0.362150583,3.238532398,4.798656138960685,4.338680568,0.076885429,0,0.529459882,0.398034046,0.649560737
111,24.99223306,0.4685127333410502,49.90439603,5.616727108,3.34260794,0.996365112,1,0.693980641,0.998628844,0.200178341
112,22.71456835,0.5053351380445552,46.920299424934676,9.97262404,9.708051127,0.66783979,2,0.064939078,0.542171361,0.891331682
113,37.02724102,0.927324457,79.36963838,1.213624551,2.249891848,0.026284027,2,0.572277407,0.467405839,0.983011958
114,22.59542459,0.065748105,71.69335985,4.107951207,6.174104576,0.5241435680595871,1,0.642338589,0.449974496,0.680108991
115,26.89029561,0.780262929,18.19631366,4.326182865,1.49871565,0.5365586899460429,0,0.304124543,0.16196696,0.934737837
116,24.50940569,0.518897793,7.885990479,4.707671756639111,3.470059299,0.614428278,0,0.502573145,0.168635902,0.941606988
117,23.08388534,0.720632768,84.25300041,8.252362673,5.018528774919647,0.5230429928039805,2,0.771022369,0.264655908,0.21080838
118,31.44274405,0.030285899,54.55774835,3.02094113,8.26614383,0.453544133,2,0.059913033,0.4396055,0.48425113
119,24.08046027,0.312582499,73.41997548,9.753741279,5.788972898384621,0.561651216,1,0.241737861,0.122521909,0.449596012
120,22.8175527,0.466213889220804,86.41638504,9.626858522,8.321300618,0.721128429,0,0.763121375,0.498265542,0.514724839
121,29.97519417,0.023176298,50.5444463,2.151444225,1.454863642,0.882339476,2,0.672520604,0.285748381,0.008177406
122,22.14994169,0.5003993315032146,36.57776398,0.452423945,5.290293024606707,0.362523776,1,0.07353175,0.504255529,0.764404115
123,25.59441355,0.68039864,51.11677466275387,3.939037127,4.0517677,0.754965172,0,0.602462951,0.401387084,0.040254906
124,20.77827932,0.803965855,14.89406646,1.397809858,3.866770286,0.616500487,1,0.593724656,0.507314986,0.509714101
125,29.79693304,0.4748926,47.568950507963905,1.096045895,3.769100503,0.872099114,2,0.026647155,0.474590214,0.967070696
126,35.65807983,0.577634396,58.3523277,4.868493300066546,6.57762225,0.147775708,2,0.24219656,0.572570271,0.700520911
127,23.81568656,0.418780298,20.38916827,6.114780599,8.635392954,0.705775232,2,0.207341705,0.325049534,0.6622268
128,30.50954303,0.173182424,34.23270177,7.719897841,6.7897819,0.61007658,0,0.957337396,0.279006396,0.298499161
129,38.82971093,0.771174269,69.02399116,4.798034232,9.410368503,0.287789375,2,0.676622246,0.379694185,0.980160537
130,36.3675492,0.804615834,28.76303416,3.463635141,3.307995779,0.202068007,2,0.271132722,0.56201802,0.271621467
131,22.18453163,0.239282066,52.1918802381783,2.256716463,1.901781631,0.472403907,2,0.770766058,0.005181446,0.550352566
132,38.5819936,0.935032099,47.74485204,4.993436699420665,3.890509319,0.907936959,0,0.65229873,0.232220199,0.738686522
133,37.00666203,0.4427280097850098,41.78849822,9.339226106,5.816017776135513,0.78796063,0,0.936608745,0.96213138,0.926039698
134,37.53486336,0.49817661829425863,10.73006908,2.845616524,5.889704352,0.938560502,2,0.468020769,0.192811398,0.112646761
135,23.24988525,0.25726488,47.65905044818568,7.907676644,7.815544752,0.4783583376564921,2,0.897042762,0.826989825,0.515280659
136,21.7347554,0.184781201,49.267385133920335,2.480470837,3.119691275,0.954034823,1,0.582460752,0.572877348,0.261553151
137,27.19104181,0.667786115,15.97168252,9.231060139,7.928569427,0.638711325,1,0.367543903,0.22084924,0.957360537
138,29.56363799,0.988837962,70.19407269,7.573505233,8.430431582,0.68034192,2,0.873135058,0.081870306,0.446747977
139,34.0753225,0.4631803933141979,6.175804756,5.054870561,2.348671432,0.520341541,0,0.680295238,0.716917966,0.488827967
140,37.97778703,0.055635806,50.323320729632336,5.639111851,7.05490941,0.021770458,1,0.816453226,0.745804483,0.578311265
141,20.90579605,0.063759912,93.45827989,5.48357712956685,1.285613839,0.768972063,2,0.978333285,0.645880818,0.420361939
142,39.85713197,0.869620285,37.56455338,6.617925381,6.881806886,0.178473629,2,0.393058632,0.127347087,0.978724377
143,36.69643223,0.978490683,71.9093975,3.79276468,5.145627507,0.47682462204844567,0,0.937410361,0.725023946,0.112844639
144,36.18956367,0.766053468,1.564579636,1.008967131,5.936067137303254,0.703286267,0,0.244734151,0.04423673,0.438962811
145,30.79519618,0.776063621,47.35020294335587,2.341615171,6.18499302,0.772538212,1,0.236904035,0.876258322,0.985695561
146,30.42502109,0.275153921,59.16671222,1.751331883,6.002655994,0.4715246870616113,1,0.94158641,0.671342525,0.785804596
147,26.37468915,0.149217608,75.44160972,8.493409323,7.368191177,0.914741174,2,0.412677489,0.416507867,0.529991814
148,27.76838098,0.330262994,50.736534402873545,3.710774935,8.464656567,0.47447578186427203,1,0.673671921,0.602922045,0.873620458
149,23.76326588,0.72430524,47.93942065,3.329643108,1.138003356,0.962077556,0,0.746879227,0.754330743,0.914441297
150,33.91252571,0.39663206,32.16150088,4.662504608,3.775800559,0.882811952,1,0.098608232,0.981318457,0.469490422
151,36.79462363,0.370704921,56.25247275,1.459227131,9.412824253,0.417578074,0,0.196191783,0.230018626,0.569789513
152,24.91460033,0.943464545,76.33606257,7.235579464,5.147460986,0.352176168,0,0.720313531,0.488316321,0.91689939
153,30.84273711,0.058732052,51.960581342414265,9.451881112,7.879049592,0.842544717,0,0.067967942,0.151029646,0.218719672
154,29.12019318,0.47493454311368954,93.39037211,6.59284342,5.245619795632713,0.411338508,0,0.529417647,0.274740737,0.977479348
155,20.34285195,0.674032952,90.9773366,5.119890409164302,4.819835492260563,0.5534939582830714,0,0.619780842,0.252418196,0.354441101
156,35.89872664,0.4854384603837233,45.89977456,6.972363161,8.452558708,0.45054351719163516,2,0.75958585,0.093500505,0.379264022
157,31.05402879,0.4530791352796028,49.881895708544825,5.295854555530298,4.905186868,0.565856628,0,0.894791212,0.919152215,0.229766497
158,38.02545918,0.566784147,92.41592666,2.803730138,6.922983164,0.529843022201431,1,0.015658095,0.207158115,0.144191561
159,36.41381483,0.92887494,56.39581996,8.494424253,5.865061879,0.739745171,2,0.72416357,0.500792852,0.974323327
160,21.07392864,0.838674658,76.90056534,3.967030493,1.266630931,0.992585878,1,0.22813839,0.553037725,0.375426996
161,23.71475692,0.380072714,29.53794807,0.735066837,4.419999938,0.154276891,1,0.316678229,0.106550918,0.005195222
162,26.1653491,0.269766443,50.181835463845225,4.9397688045249195,5.992660005,0.026261904,1,0.554219805,0.596924555,0.784438724
163,37.27436355,0.493795029710804,77.91691056,5.595365458,3.184682683,0.685315992,0,0.138840059,0.301131265,0.493123942
164,21.26534301,0.42110234,7.69213614,2.465900683,6.344257582,0.5305975003812784,0,0.135489526,0.006767369,0.395691978
165,36.83226773,0.862198311,43.06162209,6.510368584,3.703917562,0.695292296,1,0.314183281,0.964574623,0.968725222
166,25.82896303,0.491007313,24.24242968,8.164945154,2.024990413,0.592227034,2,0.179927213,0.767617908,0.026916109
167,34.54426728,0.209648396,83.12818087,4.798455442929024,8.155410623,0.139179123,1,0.242021168,0.658662969,0.715236391
168,35.78153526,0.46564785148278953,47.92346998,5.06612643,7.225379793,0.790720917,1,0.701634287,0.812296976,0.593819943
169,38.28802497,0.466255302330998,66.46938872,5.507827730481721,6.06898263,0.646743606,1,0.965716778,0.430455544,0.010547773
170,25.17476741,0.518797767,57.52353983,3.911341687,6.297309609,0.344967388,0,0.482771084,0.295432221,0.920547545
171,21.71709599,0.730150723,34.30666808,5.211148298,1.87860728,0.452447193,0,0.300264083,0.810185937,0.115085267
172,36.98360016,0.677139333,48.641665337034524,2.439129466,5.5556255512247015,0.4740794760652798,2,0.426369384,0.462054157,0.797755788
173,32.59520638,0.48047510265616183,39.55823781,8.830973744,4.86597557,0.5292005899368807,0,0.205784479,0.752325495,0.808729789
174,21.25127503,0.5015974390107354,18.69598356,4.575504222,8.763728927,0.639108586,2,0.388639261,0.392544006,0.114232073
175,27.03969849,0.172527513,80.06133832,5.90168365,3.818671704,0.116948904,1,0.693436542,0.510824869,0.418239106
176,22.75734597,0.185753699,69.34329265,9.998995526,5.406778236,0.5206793711875299,1,0.841985214,0.619409979,0.865522231
177,39.03683901,0.195128492,56.15820773,4.091343484,7.391281356,0.167253487,2,0.030860706,0.761056619,0.29208991
178,25.49705837,0.168208977,74.25182519,5.497261845,4.943812784088238,0.5069401317270028,2,0.823282808,0.366861772,0.822610928
179,20.83221045,0.546353275,10.24164389,7.513454947,9.993814024,0.348576977,0,0.439069903,0.993957684,0.77563165
180,24.73892111,0.587923897,71.07539595,1.659816177,4.904414625868705,0.206942721,0,0.570074345,0.532280797,0.596857686
181,23.36754729,0.292634698,95.23973454,9.001552886,2.220300158,0.411596223,0,0.992486226,0.86704759,0.126888169
182,37.3215759,0.711394849,76.14735875,4.894587259,3.418454369,0.451991723,2,0.794598631,0.768884235,0.402850773
183,34.99604766,0.877317357,48.80444804,8.689077629,1.838274923,0.634840546,2,0.358222729,0.063330686,0.534424464
184,24.3565987,0.211851466,82.8343617,5.779336403,5.368041136,0.682551926,0,0.045942926,0.626179522,0.836702179
185,20.32562705,0.157983515,99.18382388,9.956940687,8.939329876,0.874423369,1,0.093339985,0.360435383,0.082420531
186,33.29017623,0.051787275,72.59883635,4.292309408,5.758219044032812,0.5289892101818944,0,0.476806708,0.132699792,0.226190861
187,33.5996545,0.4972207067414513,81.71090269,4.223139338,6.014052740094823,0.5391684527201829,1,0.089331081,0.805956834,0.103201533
188,27.35123379,0.38272105,87.44972954,6.771370779,5.4958682137666175,0.610319239,0,0.440099421,0.722432026,0.628080038
189,23.02748262,0.68656617,8.668803347,5.097167206622961,6.30616526,0.963248711,1,0.791076661,0.247786375,0.644620568
190,24.96334054,0.721179639,94.12792451,5.313486216564464,8.882444693,0.60692687,0,0.747843641,0.295542051,0.054569131
191,37.95825121,0.49488772,49.09809195963655,5.939297681,9.799272531,0.933924402,0,0.386838249,0.838973303,0.420863534
192,30.92712442,0.4795976396694545,98.73662648,5.096048493492649,1.124140832,0.922579289,1,0.506610604,0.628570696,0.501048966
193,28.30863989,0.082427812,61.60470557,3.099068856,2.828777446,0.536390173,1,0.586437163,0.763224131,0.649839533
194,32.86309139,0.437486043,23.86373882,9.246277543,6.049810707772914,0.05502862,2,0.741693509,0.74065818,0.119443007
195,34.15801214,0.163832631,52.30053627,7.207655181,5.612909664800681,0.48795105676778283,1,0.732935838,0.11805672,0.899897427
196,26.70022053,0.523854211,97.50505878,4.961475689,1.498951998,0.166881393,0,0.255116081,0.102904915,0.573912305
197,34.45556747,0.508824885,49.83649724118735,2.445514504,4.446815269,0.498936971742143,0,0.552864788,0.91394767,0.740665828
198,28.38738609,0.416256599,27.1257958,5.5197309952339575,5.518368483,0.17934435,2,0.981413864,0.954079407,0.068926438
199,29.30188356,0.844846504,55.30913953,4.8200148908011355,6.074260667,0.622717524,1,0.368273628,0.971857745,0.997787116
200,35.51771912,0.546559243,15.05663768,0.23910256,6.723476556,0.00959482,1,0.001462041,0.65730385,0.849005988
201,34.54430078,0.4555463148482955,23.81675945,0.598950757,7.404872272,0.4412550911559445,0,0.897287472,0.519759218,0.70084691
202,27.44983948,0.084902418,51.99858692621516,4.744943319341653,1.673474359,0.434982878,0,0.236771735,0.260990939,0.315008915
203,36.01633644,0.735352869,27.19558718,4.975223912505236,8.019432842,0.155410551,0,0.449566748,0.314033288,0.120736737
204,27.16574892,0.451917077,85.24821857,5.3302806090586055,3.737934846,0.603302487,0,0.835924751,0.327793659,0.091212904
205,24.96437579,0.513459675,26.01667927,0.310820934,5.069810525,0.249852628,1,0.101907349,0.793809743,0.121453256
206,21.23338369,0.222288133,53.37702429207755,6.86285262,1.756354818,0.917428582,0,0.021800183,0.064472036,0.902496082
207,28.86862648,0.4859316884391284,82.93561772,0.426963191,2.511902879,0.821685402,1,0.496126391,0.382729439,0.426664018
208,27.07886505,0.274981769,14.86314091,6.169771645,5.49002449,0.47903093,0,0.279775987,0.137236017,0.199457807
209,37.69305032,0.630754389,79.48462443,7.819157668,5.900660254,0.912677017,2,0.321604419,0.270435685,0.026062968
210,31.94232706,0.4703758881187424,28.09326653,4.716843853,6.255900279,0.159624808,0,0.656864421,0.266527001,0.816285162
211,38.34518965,0.49177182166419237,21.9411586,7.973906874,8.553000271,0.176100368,2,0.318004368,0.738105101,0.358783133
212,31.8312499,0.351682148,14.21022904,8.366968407,9.733489375,0.175556768,0,0.090257377,0.232623358,0.218808942
213,30.52897028,0.4904382251976859,20.14643834,4.729778086577075,9.269027086,0.323588811,0,0.147712019,0.704696342,0.141652664
214,22.21841184,0.364889852,48.87689540868299,6.621395528,4.02904964,0.975860671,2,0.948693532,0.791842525,0.9606621
215,32.98360531,0.4786237499609772,69.35603983,7.869917926,6.300551402,0.49798633537626885,1,0.733994973,0.294517265,0.177708288
216,20.03595813,0.572834793,77.08303926,1.82081756,8.279262332,0.639646773,0,0.936687794,0.140643368,0.745343328
217,24.7599185,0.167887417,8.872601257,6.391026879,5.019669407,0.249540863,0,0.350481162,0.787020006,0.720413588
218,20.96294915,0.419653229,46.59876485333432,8.817706583,4.378128133,0.788729994,2,0.650969563,0.687160404,0.162656512
219,21.47418779,0.294908613,95.16621314,5.517078664559875,4.741196676526625,0.731985085,2,0.941834144,0.978041523,0.337950584
220,39.705522,0.704504647,65.36351753,4.342003849,5.552461851483563,0.974398421,1,0.697196704,0.722038105,0.729974006
221,25.30529539,0.237548285,50.32287379735324,8.398545048,5.430288608556641,0.427605957,1,0.823897307,0.625090954,0.480328397
222,21.93973795,0.638190659,47.35706511,4.990638562828958,5.238500077,0.265004397,2,0.544126029,0.184881221,0.885492693
223,27.3880333,0.263295967,22.62422803,0.616393697,7.007216132,0.46110985525100834,1,0.808180157,0.413986653,0.756456886
224,24.55025517,0.4623063514134717,52.25822733,6.870679324,6.154428616,0.298852109,1,0.902777201,0.714305699,0.50210147
225,38.00910123,0.677534886,12.02818748,1.728789728,9.749483905,0.126185999,1,0.078368522,0.683125469,0.20191928
226,36.45128066,0.4766201795408981,31.97494888,8.073436697,6.349765461706486,0.552054192,1,0.519688178,0.917161911,0.012363797
227,34.00824243,0.781685661,53.40414165043601,5.0483905767110295,6.244093782,0.100203998,0,0.562683759,0.100990443,0.286092854
228,30.71266962,0.410890037,48.55847923,0.374656705,2.294674036,0.693661253,0,0.395792744,0.878957632,0.690513754
229,20.98581951,0.268584355,33.78660814,3.109492978,8.724113049,0.972496643,0,0.134385521,0.974219425,0.443110613
230,36.51646664,0.416772728,18.79356909,8.239694343,7.835439657,0.821017392,2,0.791490392,0.065616968,0.709569398
231,28.06770282,0.524286217,17.3737356,2.007267761,5.194070680605177,0.4739399379269859,0,0.918031069,0.704633945,0.273977498
232,36.47012583,0.635409809,50.249200263639835,5.174143502559206,6.346392341,0.4819481675172452,1,0.586880248,0.349759902,0.163513615
233,37.88983841,0.688850538,38.65656707,4.8773285671639535,9.684258483,0.647379892,2,0.206730986,0.651587333,0.513281234
234,37.2925986,0.682199732,13.23140908,5.401151890113034,3.013930286,0.943004968,2,0.967024443,0.642740311,0.423806801
235,27.52950905,0.251998709,67.71961564,3.9715254,5.391489348904395,0.662355453,1,0.561457117,0.593772543,0.282676878
236,33.68826272,0.336283654,32.51370703,6.561196052,6.863198218,0.4544355851036638,2,0.765474388,0.899687045,0.805429823
237,36.04727489,0.660530324,72.12831976,9.974690996,4.767091175,0.035319005,2,0.99475373,0.816014701,0.34316705
238,34.26738578,0.63831359,94.06679546,3.001948286,5.688487351722501,0.558248044,1,0.097603064,0.12794414,0.258651851
239,36.16687738,0.183068357,33.56324632,4.873713773925145,7.697889364,0.788090437,1,0.37168243,0.585570695,0.463760628
240,22.35562942,0.503993121890946,58.03131084,4.722196824,5.353621456089552,0.5341823098638081,2,0.38166922,0.298355754,0.054061971
241,37.08479541,0.4804986117691753,40.91918468,9.066209345,3.847451119,0.778941177,1,0.332629447,0.986640373,0.313414072
242,21.16027176,0.209382368,57.62789157,4.940397793302344,8.017772107,0.5029318528443716,1,0.633487541,0.40339348,0.96532784
243,27.6663284,0.5091543887526511,44.22378980432724,0.140771187,8.499057999,0.5048082593812475,2,0.004123834,0.733603241,0.226265711
244,37.53970271,0.102708223,30.61150921,4.97100739852566,5.854922741531501,0.455926312,2,0.596369919,0.337835151,0.887974044
245,39.9094482,0.901383776,18.84260339,9.182054088,3.055764564,0.131205776,2,0.021913272,0.504633555,0.123161982
246,34.2222018,0.375192433,77.12496633,5.939240679,6.105499935516446,0.5485743345944432,0,0.048235056,0.115789826,0.444314289
247,22.47190126,0.701868215,68.57400285,4.992860149290882,1.908818625,0.622797777,2,0.137163523,0.83065272,0.104914237
248,34.37532449,0.4594123133702894,47.97270756127562,5.295144862035521,5.601429512162079,0.47435593606177295,1,0.831498821,0.973119722,0.357921837
249,28.19512461,0.4618636385825191,91.03566275,4.806639428,1.114744611,0.5531793826709326,0,0.835232165,0.669021931,0.149144493
250,21.80165347,0.723563617,49.9436247248845,2.311602865,3.664199608,0.099808915,0,0.874140449,0.852248686,0.360214664
251,33.53533064,0.115901054,89.02920115,5.290145749947014,5.128025613679278,0.328660826,1,0.955089156,0.268309399,0.733067945
252,27.45244307,0.113832,45.65386867,6.899024312,4.795658393,0.166778729,0,0.696169874,0.058646396,0.942466988
253,23.18790795,0.590750303,67.83931362,5.2820805107857876,4.227390233,0.5004282503102515,2,0.879950247,0.727278635,0.891762801
254,29.66159313,0.887593928,6.33360465,0.12360213,5.723361208,0.723773543,0,0.977895558,0.669844358,0.338300642
255,30.4620635,0.095242138,24.85769949,6.762955684,8.551297191,0.987791625,0,0.011644867,0.93437142,0.505567572
256,29.38577873,0.165403873,32.06338155,2.781571303,5.954460128,0.817103306,0,0.459094595,0.801261288,0.448098586
257,37.13178448,0.118706852,65.33730031,5.109176732512181,6.014179103,0.48665900002383655,0,0.791783285,0.963171248,0.637538122
258,37.80221798,0.654595984,34.08542004,8.165886866,3.98775363,0.599951152,2,0.657167206,0.7159135,0.114023358
259,35.18639902,0.341357115,96.44336835,5.219850866,1.412002989,0.537851475532489,0,0.82183866,0.74251089,0.409210757
260,25.08578623,0.45142076824617244,51.12062778059528,2.155895044,2.715208877,0.757149342,0,0.926626531,0.837466237,0.588811108
261,35.44290347,0.658456695,13.46360144,5.303643475,5.498931779862731,0.838816111,1,0.924370874,0.781081497,0.910181486
262,33.83635425,0.47704628327473797,10.35539611,6.06160774,8.932515103,0.608993694,2,0.762374656,0.27359588,0.963593538
263,39.409833,0.133371831,70.00142849,2.98913135,8.746367915,0.935512077,2,0.217342557,0.209712696,0.714384536
264,33.73222595,0.132671729,97.51794931,5.077080257582867,6.731896914,0.760775025,2,0.480369922,0.570638194,0.667157238
265,28.34955866,0.841389302,84.73010914,5.227299862,5.453068789360859,0.539356884490169,2,0.056604774,0.266978269,0.785532193
266,39.67064787,0.14642839,47.91545377576603,2.040009033,4.228141936,0.616108834,2,0.73949248,0.864841485,0.742412736
267,31.22541106,0.784307173,28.76386545,9.264848112,9.61031773,0.312653981,2,0.053802192,0.743669966,0.203087223
268,37.37699923,0.443063854,63.37884941,3.67741121,7.646050292,0.4452341345794301,2,0.964289823,0.294177722,0.177425898
269,33.65317703,0.48312624272777493,52.27891087056391,3.771982271,6.009387585,0.4646058281755569,2,0.846014196,0.005645136,0.466331338
270,38.74988901,0.46769285959781104,59.6880332,6.253666626,3.710393365,0.55016018,0,0.784031449,0.317859005,0.219962015
271,23.67738195,0.45597061527718596,41.59312438,0.919455539,2.920184292,0.360797825,0,0.950308276,0.618280601,0.474857189
272,31.22669366,0.649300113,46.59061575740121,2.403478764,9.267465693,0.039877248,1,0.381372608,0.796206586,0.113374028
273,25.13181113,0.02470573,77.04943223,5.08735593,3.667905726,0.320312757,0,0.94821182,0.167394809,0.956276206
274,30.75949662,0.46529648996612033,47.5501585165864,7.735822664,4.817885067,0.48006255104332773,2,0.828748671,0.878637232,0.741375035
275,28.70475525,0.072120493,2.37529461,0.378863147,5.620763884515375,0.4837696767386007,1,0.558084205,0.574962294,0.227645635
276,25.17295918,0.630217265,1.68909683,5.348343701,6.56514423,0.585608013,2,0.848251239,0.357700139,0.502836951
277,25.79673198,0.606565841,92.66908797,8.221223702,5.611213649347746,0.5680923172175777,0,0.13638146,0.390992565,0.797484613
278,30.91448937,0.144075537,91.41689164,7.293245766,9.545185932,0.555069746,0,0.04177314,0.572718595,0.394081701
279,30.950509,0.4842026099993411,74.1430483,2.117369429,8.663129662,0.5169035054877437,0,0.220787969,0.834748367,0.194326215
280,23.6271597,0.852251128,93.23698654,4.612652037,3.615874008,0.5704363338972352,0,0.197417592,0.580595653,0.951539906
281,27.14276718,0.234532849,6.980888471,4.9174151460385795,3.955114704,0.693458129,0,0.565552008,0.364493436,0.316333159
282,28.56614786,0.48012390951150324,22.15257042,4.361240661,2.208752491,0.87788583,1,0.445357974,0.774766962,0.486971382
283,22.17665273,0.081973693,82.64436732,1.964319293,6.639569966,0.892105185,2,0.631626494,0.8126424,0.578900787
284,35.3840051,0.036656309,89.39859345,6.539081393,5.567112467905565,0.891437544,2,0.733226827,0.29099916,0.464701142
285,30.20823987,0.50216727,84.79818401,6.140359766,5.335899536080834,0.446220444,0,0.566357255,0.565812533,0.872195154
286,22.92398106,0.939175258,47.021245890236855,2.317499076,3.10616802,0.51788523,1,0.38809311,0.917901944,0.881551981
287,20.79809397,0.103225013,63.35669818,7.419097071,6.131441366,0.378518517,2,0.653336547,0.835469068,0.516662898
288,27.52657562,0.516371782,86.77194219,4.821100897,5.51653286,0.5575712103163699,0,0.229990766,0.514541273,0.280809508
289,23.00480816,0.503388357992183,81.69550755,4.146136851,2.020048278,0.479021163,2,0.16124626,0.833364996,0.022446038
290,20.86288663,0.16112914,3.919086524,0.559120042,2.620337856,0.599357523,2,0.637622707,0.878508983,0.727974315
291,36.4260662,0.216593418,47.14134549,2.193638148,2.284409234,0.767490113,2,0.65964875,0.264520699,0.724186798
292,26.85342549,0.590595991,38.54618827,4.855017313359077,8.736325228,0.419795013,0,0.605511018,0.177422184,0.901608218
293,31.99627594,0.53142995,9.31899658,9.019847557,1.010801852,0.67855936,1,0.52204423,0.37037745,0.043438283
294,30.59633038,0.802300196,38.12364962,7.413940423,7.270368428,0.5025247363181332,0,0.254518028,0.76585889,0.910085357
295,21.67635162,0.543731022,0.546945415,0.071140794,5.67785661,0.205418696,1,0.408845077,0.106583216,0.426071589
296,31.7074037,0.536104891,61.1880677,3.974541482,5.968944535,0.178719598,2,0.554911356,0.253777645,0.306653087
297,26.88712608,0.735782431,65.92828491,4.465948774,2.456156059,0.400560906,1,0.800853733,0.614025367,0.684564447
298,21.04105594,0.635876618,82.32554655,6.002454418,5.260812684947481,0.370835126,2,0.037755338,0.38432601,0.984448101
299,32.27931181,0.711605832,94.57158578,6.402913145,2.815365185,0.803909909,1,0.194746495,0.783959445,0.51054785
300,33.96899465,0.674024381,65.50191194,0.868428126,4.59490321,0.405450967,0,0.517742701,0.73692554,0.068617172
301,21.80331715,0.829764802,34.80952482,2.765078487,2.750726738,0.574906722,1,0.175034787,0.506238096,0.558630713
302,30.06338333,0.117008998,25.76933866,7.933892576,4.984917765,0.483629896,0,0.757473285,0.961238725,0.458848429
303,29.21440883,0.027350698,50.94967490307067,4.88445102620262,9.9477823,0.229930139,1,0.412425972,0.353096265,0.535651907
304,34.01637105,0.287289583,74.87881319,5.54551504,5.884464634288323,0.218566134,2,0.269075782,0.947118109,0.683107309
305,38.19854918,0.199666539,87.27424984,2.027665588,6.567372093,0.5262701456536184,0,0.119878493,0.078487573,0.955779684
306,29.85329727,0.4699383401287457,95.79930905,3.711965354,9.083090804,0.57451938,1,0.490805352,0.984394683,0.91600683
307,25.60533246,0.576665186,53.447750021374084,4.783200766,5.522276909,0.686338647,0,0.457196034,0.12036818,0.518205139
308,26.31302531,0.49434514721609474,37.94280036,4.755951275522657,8.75657821,0.5002405981046576,1,0.237139153,0.471345365,0.613084043
309,27.31848302,0.210532482,37.23096279,2.796295319,5.233992176059849,0.4855005473079823,2,0.686011912,0.814190664,0.720815459
310,36.08175162,0.856308739,47.16004261759029,7.38542014,1.08768062,0.134471685,2,0.517006975,0.72056033,0.785332937
311,26.00068364,0.567834519,69.0543176,4.844578791686541,5.288854819,0.449854819,1,0.259769122,0.36030658,0.557491488
312,36.20031763,0.411760905,67.95858515,5.768537564,5.84594429,0.284608732,1,0.67319284,0.487493744,0.736526165
313,37.79264898,0.286523577,14.48483383,4.596231705141924,4.03649479,0.571637574,0,0.079111927,0.343625488,0.313482063
314,33.06026195,0.605384973,88.76918066,9.38769835,5.688421225,0.167318107,0,0.125039911,0.234627192,0.25164701
315,34.8775069,0.210571491,9.555371898,4.731857967,6.603840431941329,0.523982791,0,0.103928404,0.618102172,0.084311267
316,38.6317916,0.229355955,44.31604268,5.23483090521316,2.535471859,0.4878616064405969,1,0.860368817,0.325201317,0.476154741
317,39.49963091,0.272414428,96.95422646,1.7703664,6.679427704,0.563984487,2,0.639786509,0.533784131,0.908923152
318,29.63303365,0.089554023,41.22038056,4.90158920948381,6.044965779102699,0.758293449,0,0.343884917,0.469197955,0.008317111
319,38.44176791,0.47706707,50.03695365307683,2.92922613,1.064961865,0.411735869,2,0.437106366,0.249896118,0.714937983
320,32.91981599,0.220592426,47.28288230914289,5.166100619,6.518945979,0.271865117,2,0.742926892,0.808808649,0.412903877
321,37.06964047,0.4589121010026486,63.68927095,2.721341305,2.690104983,0.48669829732891184,0,0.969716218,0.022130886,0.972332605
322,25.64229075,0.46012030662135744,0.820408935,5.179708246794825,5.141242389204284,0.420243027,1,0.997963446,0.463684467,0.791424714
323,26.60497294,0.951644042,47.380862973695024,0.713846947,2.729730636,0.817250724,0,0.121961556,0.768145671,0.248962361
324,35.42450666,0.737619013,53.72630368763875,7.709959678,9.839042663,0.68144232,1,0.936215247,0.158611436,0.728237078
325,34.89449157,0.122141512,29.88130838,0.520875146,9.759466544,0.434161651,0,0.167360356,0.276100044,0.119649592
326,35.7828756,0.4725397551355175,50.20544443846783,4.752706788,4.34258797,0.5108554616553183,0,0.499919207,0.685944644,0.338422097
327,39.39303413,0.060052336,15.39184354,1.073916564,3.850656031,0.64464598,1,0.805525377,0.438718898,0.192965299
328,33.78499961,0.134732174,48.53021332,2.947145964,2.707982526,0.5270101869186548,1,0.323680876,0.468394721,0.86766184
329,31.97359888,0.160343409,44.93841998,5.416059521,7.983261166,0.733657741,0,0.619734607,0.364075197,0.620197313
330,26.41388189,0.4919264338773789,81.90497338,5.045817638971347,7.89160686,0.5289920768183068,1,0.32260004,0.64090393,0.110464134
331,30.46401078,0.4862844663475053,12.97742663,2.020790287,1.88878228,0.836299527,2,0.489909638,0.623970484,0.590300912
332,20.98171254,0.717845195,46.69358804899621,6.557493619,8.488699278,0.638916716,1,0.558019889,0.938243858,0.415953203
333,27.38137302,0.823642966,4.065315227,4.919613861787816,9.501431338,0.09711925,2,0.231018003,0.385331088,0.193119448
334,33.13753027,0.947503345,55.81416072,7.6628342,7.070433074,0.42707499,0,0.166809319,0.180396539,0.401557174
335,26.75025741,0.4749785956253549,44.301217,3.151549961,3.921886978,0.764184368,1,0.826154975,0.32345092,0.240722556
336,30.91252479,0.550238706,36.00085449,9.598244309,5.767309765558047,0.4898397845106799,1,0.595762827,0.517609359,0.99341201
337,26.03683308,0.221886703,2.170137146,6.897191839,5.98296838,0.92592245,0,0.094287128,0.460369806,0.156107106
338,25.29976359,0.249856906,30.03024317,5.690649369,1.69481409,0.482533173,1,0.825705244,0.689595101,0.576232462
339,38.15311284,0.300393254,57.62836962,4.852560405072204,5.93486900840527,0.347930207,1,0.416521713,0.867831097,0.869786514
340,24.53435343,0.602301634,50.95327610263157,3.824869622,1.370640269,0.149580019,2,0.697768653,0.153197483,0.673635242
341,39.94734606,0.752840203,9.008295254,7.863682985,6.812279501421348,0.475854654,2,0.049311098,0.3991913,0.085078987
342,30.03646231,0.130375175,52.251405887898386,4.878610998,2.764893704,0.735667754,0,0.242315092,0.266257091,0.430065731
343,33.69475945,0.112529871,36.52676444,5.066971023745121,6.89868872,0.169255264,1,0.616220994,0.990159182,0.442210105
344,22.9163695,0.46238146996313856,19.96852136,7.577337826,2.011345667,0.4974668736743497,2,0.926729695,0.868752352,0.820133956
345,20.27466585,0.111277992,2.274811515,5.380054579,5.709392933,0.48302633,2,0.992302128,0.695071144,0.668260582
346,27.5321334,0.526799091,6.011004958,6.965266885,5.184647366,0.066597792,2,0.271310379,0.852082945,0.660100373
347,37.28564547,0.5068114831016577,64.94111448,3.80701203,1.896433407,0.866772746,2,0.088020669,0.1988752,0.966791372
348,31.21375083,0.039752403,30.49275229,7.443907198,6.359098978670853,0.355378133,1,0.236204766,0.978244267,0.501251461
349,36.2378572,0.878677274,81.48586377,5.226464839156092,3.521744602,0.5076209537776106,1,0.656931759,0.087795017,0.382207122
350,39.21211387,0.6255246,24.03608082,4.954870671072201,9.187618542,0.542233751,0,0.652472646,0.581030701,0.684048636
351,24.04620467,0.4801327135921965,89.86431697,4.300642982,7.93044998,0.564844287,0,0.317496211,0.557340298,0.948601564
352,22.36774581,0.879638122,76.54350126,4.140401554,4.987040383,0.894130093,2,0.273796165,0.779107885,0.106771433
353,23.69492993,0.611981598,56.70430929,2.321825343,4.233352011,0.47660222,2,0.846138236,0.468763498,0.649568553
354,23.67952956,0.473846921,47.171283640324205,4.085891602,9.328915748,0.222554212,2,0.988243417,0.75777659,0.066136324
355,38.54206412,0.867129003,32.48956268,2.467838409,1.376436475,0.380374169,1,0.394150709,0.939139133,0.571934451
356,30.7231877,0.704112551,46.18379370857654,5.011032534821148,8.899902704,0.24572165,2,0.395611197,0.735170082,0.55770095
357,30.32253366,0.049295449,39.80398915,8.276210076,4.802159642,0.054546667,2,0.903675647,0.463578953,0.646101508
358,21.80881615,0.179771392,89.43280182,3.930667148,1.224209015,0.896617507,0,0.882548447,0.090179661,0.32407478
359,32.97152861,0.163994027,9.119124051,6.340724182,5.924148876621142,0.726873836,2,0.612072534,0.15989967,0.550345886
360,20.87812167,0.48829872051703205,87.13054036,1.621240964,4.961601252345584,0.05131049,1,0.309518305,0.768630422,0.446258234
361,32.52905699,0.473430068053,51.39055245493893,6.22560328,5.12778392,0.54350116,0,0.607983931,0.493466796,0.216873844
362,33.18941243,0.441875361,0.657302324,2.781129377,8.381092522,0.184839987,0,0.653276878,0.036721052,0.853829287
363,33.33993086,0.298441547,4.903136275,1.782483918,6.499807804,0.594968986,2,0.177419267,0.455337828,0.578966292
364,38.62959639,0.47563764714905354,36.85694255,0.676666778,5.954239745,0.134545789,2,0.859407941,0.329208527,0.413757909
365,24.19690739,0.058184587,97.93499457,0.876697412,6.44300219,0.706805641,1,0.608844607,0.316488558,0.525391225
366,39.90048671,0.129713138,51.97058002,4.925044537,6.465889492122237,0.708587068,0,0.001580917,0.023986798,0.625460742
367,22.35851448,0.799564351,41.40411395,5.604155049,1.101675412,0.281626703,0,0.307772549,0.506689627,0.323923839
368,20.12262525,0.341361585,61.5993343,5.199051278597171,5.271095262070762,0.337936855,2,0.479108273,0.474500453,0.035558251
369,22.71507792,0.4969066396065777,86.52243505,4.624700754,9.350109791,0.5189655018771353,2,0.299343747,0.724964154,0.315502841
370,30.71770951,0.6854933,88.80294695,9.696132924,1.280558482,0.626510848,0,0.570981641,0.389566274,0.595191867
371,37.29187381,0.705266184,3.162821585,4.970544344,5.067156967,0.216139879,1,0.175012746,0.374215691,0.037395036
372,24.04196827,0.4893540730537921,79.90252784,1.540777772,5.351247486,0.310358709,1,0.143295048,0.871798985,0.822138518
373,38.76047693,0.132717156,45.93684106,5.223448732,5.578229606701383,0.687052331,2,0.871875093,0.333289753,0.889185876
374,22.06205659,0.745554725,50.502755946206946,6.38850852,2.80499961,0.532275806,1,0.671124042,0.272654207,0.157496015
375,22.28920788,0.559625764,48.670979972884794,5.49365657,9.489500369,0.574082943,0,0.071242871,0.613262884,0.338738893
376,28.87295277,0.46828565835812197,67.54959378,5.338776837725644,5.025979037380375,0.178982993,2,0.891275895,0.62947069,0.690124897
377,28.91672531,0.332332096,45.961944191118384,8.092998231,6.038659169834649,0.764428284,2,0.13179528,0.812851018,0.919689042
378,29.36551811,0.684477975,46.53965642,2.237944539,6.552478785,0.392076918,2,0.917264422,0.330327956,0.860791593
379,26.49522177,0.065365199,49.16715960470579,8.457662625,4.13753898,0.507949666,1,0.817552892,0.796757773,0.325869728
380,32.98902826,0.532745566,41.34419057,5.479490173,4.454348129,0.813915705,2,0.431148498,0.980205226,0.567211194
381,26.84401669,0.173085456,73.93670449,8.367481938,5.215465101084098,0.325378094,0,0.822023052,0.176174002,0.955883446
382,21.3921527,0.47138589576517165,77.13433789,4.942951474,1.814797043,0.887261537,2,0.809839368,0.757077717,0.660881394
383,29.05948841,0.615572166,20.56616819,2.997353343,7.116030348,0.936676483,2,0.982580304,0.344264626,0.089287405
384,20.16238505,0.404197416,48.52112320777865,3.692228936,1.478145801,0.820753284,1,0.109698317,0.282209246,0.031184742
385,28.63431002,0.625214303,40.60326545,2.112160747,5.33652106823014,0.4921583832562315,2,0.384595058,0.924482043,0.839962687
386,23.08534582,0.670066082,52.47191489302861,5.446793456834011,4.864255101356842,0.486701337,1,0.974975027,0.135775746,0.137220268
387,36.11883229,0.893582469,93.03110125,4.543943592,8.380642824,0.225740918,1,0.604573257,0.577938501,0.846803887
388,24.73499935,0.410837814,36.69700253,5.681495777,2.018479327,0.690497265,0,0.730185469,0.526408054,0.859350659
389,35.01164418,0.51694955,61.00706092,6.306628491,7.018454251,0.539197212,2,0.312499721,0.052774272,0.343546171
390,35.57054266,0.51266311,73.38145474,9.605813025,3.602875989,0.5009438735406435,2,0.749425279,0.726971714,0.563706273
391,21.22835526,0.169079241,44.47324500712782,8.088957797,3.581340889,0.5710878531718027,2,0.07686226,0.783762822,0.252050974
392,32.3159552,0.256955721,60.38215397,7.389672335,4.32790147,0.5329759327473895,2,0.236195881,0.180809191,0.527388855
393,20.66181054,0.967345634,82.17237678,7.527612969,4.448502937,0.725999092,0,0.210856747,0.734361111,0.345075719
394,32.84522195,0.115994364,49.668963413615906,3.0136713,7.771850678,0.379800794,2,0.390070487,0.262625151,0.530442133
395,28.69468659,0.797309044,31.56886247,9.558707479,5.833906673468946,0.353828095,1,0.610485568,0.652065924,0.272590595
396,25.40652234,0.255343919,46.11085934,2.417969684,7.934475577,0.67771816,0,0.313269828,0.010577989,0.008476167
397,21.3590391,0.525264264,35.15164198,2.518961071,4.834742975308651,0.056881912,2,0.656605519,0.835459137,0.950488959
398,32.7616577,0.11997711,12.99072532,8.998972151,9.704489579,0.695653634,1,0.294568617,0.660477846,0.075714176
399,29.0688753,0.76935913,66.75792021,2.573365954,3.495587334,0.5282370272640866,1,0.332654737,0.060058648,0.955605699
400,25.29329705,0.491721786,61.0301885,4.882743239140372,2.294853403,0.218386498,2,0.106249712,0.441581709,0.258996256
401,20.69721789,0.47374633433556856,77.72371653,5.012244872748914,6.875787994,0.5272848112543744,0,0.664605836,0.266436481,0.700055199
402,38.09235087,0.515383003,49.06794539,8.440491537,8.068435346,0.00330736,2,0.817976659,0.482066342,0.567243886
403,38.70084375,0.681835736,63.22725266,0.906669748,9.648329698,0.4390085981020141,1,0.760453081,0.289958668,0.203120471
404,31.08950943,0.660734089,39.01047252,4.585758019440967,5.378531879,0.437983749,0,0.139942952,0.193092719,0.719739035
405,31.85890857,0.062992631,30.77308796,8.342502923,9.962502652,0.4928761630939529,0,0.337718604,0.721011989,0.405507856
406,24.23356351,0.523119639,87.02000296,7.410514994,1.648301254,0.488894713,0,0.471219636,0.918019076,0.045801694
407,34.02593622,0.5044735437441323,43.856667029088484,4.886986371605511,8.143273941,0.170689388,2,0.063957615,0.817470395,0.114179682
408,31.89954814,0.063110112,33.73431102,7.37928403,2.087221956,0.545884797,1,0.836427092,0.79310167,0.764227882
409,31.86170506,0.12074549,51.95682424383178,6.962957857,4.947950908,0.040698894,0,0.791052296,0.632194613,0.376131056
410,23.15507323,0.080722608,52.83643106430728,7.067412485,3.553583911,0.792240715,1,0.692358331,0.206160219,0.639825704
411,30.46173728,0.93808961,3.762121198,4.992997214641938,9.552682577,0.78258303,1,0.41878587,0.557710403,0.191902862
412,39.7320705,0.61892094,98.67821227,4.642160071,2.872978326,0.5062790910851289,0,0.796612972,0.685243754,0.968573838
413,29.4882568,0.5014926781387322,4.311560135,2.8506452,4.008651663,0.758408021,0,0.1044211,0.05245658,0.53736064
414,23.16091221,0.4725312026779635,7.085949849,4.448208928,4.771596467,0.898372757,0,0.778975279,0.326132225,0.098064134
415,34.75495732,0.375532388,47.09902598,8.904888439,6.3020912567909955,0.454990873,1,0.373485082,0.457740193,0.194154923
416,27.17180371,0.335891337,49.36843033018687,2.806041549,5.671074759427253,0.418223829,1,0.219853564,0.295161513,0.156788124
417,35.89130799,0.9055781,55.27556379,4.116961424,8.759791478,0.473488993,1,0.279170878,0.730017755,0.736178859
418,24.93308354,0.57946703,59.1771632,5.209755772052302,1.045698231,0.04005868,1,0.733476302,0.504216329,0.425697644
419,27.88640313,0.696653506,46.98431291396454,0.830915239,7.238438551,0.218006485,1,0.295790428,0.647640198,0.090729505
420,29.59565903,0.703304488,74.72866966,5.305688002682215,7.94651507,0.405360372,1,0.626810956,0.703902063,0.001363649
421,32.54610048,0.690750639,29.65899812,6.980549838,6.177064308,0.684665181,2,0.880847248,0.735760785,0.054811675
422,38.9064446,0.887977906,50.60025667630645,6.191334504,2.577406629,0.067005914,2,0.773575509,0.138405807,0.334929677
423,30.79267653,0.737380065,87.11313826,7.531734984,3.884174348,0.503565972,1,0.277145334,0.06336918,0.345226582
424,29.7245381,0.122709434,67.83082919,2.922643531,8.199134805,0.808795877,0,0.188353582,0.883978981,0.08730875
425,27.81365006,0.4587459697120647,7.694730989,5.075567945971328,5.3903291589401965,0.4738719806868763,0,0.87499314,0.520687639,0.627276197
426,25.86338884,0.541434958,52.054364085241126,4.438600521,3.623651174,0.5168889767827067,0,0.834947519,0.519620483,0.335877369
427,31.57409211,0.786824363,66.58553459,5.484687123,6.105264948,0.306495005,1,0.226781938,0.371902317,0.288146293
428,36.91027418,0.47913355767998345,95.62138555,1.607898825,2.640524594,0.511279432900863,2,0.692859269,0.666355966,0.1534848
429,24.75810649,0.47661100711306026,12.64735121,1.844965831,1.312201798,0.343847015,1,0.448429097,0.975465679,0.533642957
430,22.42980047,0.494530453319265,76.85181658,9.278112897,5.564250253093791,0.546145588,2,0.331280646,0.705451357,0.473910674
431,25.79654365,0.980689779,14.70834747,9.068807879,7.202322833,0.900174469,0,0.678008337,0.116876098,0.024795595
432,32.35043985,0.357393549,60.81512097,4.907295242462461,8.031550202,0.195715673,0,0.538412294,0.445458082,0.671557776
433,21.74753874,0.194450039,60.50778218,9.084469502,2.331513445,0.369629967,1,0.012190791,0.344920213,0.308085345
434,28.91152082,0.215695156,74.15276765,4.425043634,4.964524456069556,0.897723611,2,0.896428827,0.139567687,0.587180068
435,21.72155949,0.47461313,98.66383473,5.263423160618431,7.805026482,0.5292471715652474,1,0.638806,0.273328859,0.174893011
436,29.24239929,0.914872111,48.662510855940674,2.894631665,8.405192974,0.585208254,1,0.559281057,0.463451834,0.026840015
437,20.0489335,0.956026596,47.25411693,8.926865256,5.42697853,0.244750262,0,0.764718356,0.493050225,0.970625327
438,31.97782647,0.480485905,25.79115378,9.742587484,4.358819944,0.017545081,1,0.162847233,0.058510394,0.319681111
439,37.56634529,0.4713776018576693,49.480606509204776,4.195140052,4.203858908,0.52961233,0,0.513866493,0.766442438,0.183247497
440,21.89017305,0.543712335,82.68219966,3.01072309,7.195119778,0.5315847808988496,2,0.351629368,0.143717513,0.136949446
441,25.6283552,0.411994504,16.30291425,5.033828931,8.155960642,0.689652829,2,0.84606975,0.712547128,0.702264888
442,36.05160566,0.91603116,50.17316398509934,5.177117555563081,5.466106306121008,0.691050704,0,0.817038703,0.889726385,0.597648639
443,35.27179092,0.709894883,54.11890136546333,2.223578478,2.281234027,0.125344181,0,0.981109568,0.424805073,0.763023688
444,22.23444388,0.5095718470908659,43.12474731,4.8285755084945645,5.701675378074424,0.593176172,1,0.118922218,0.253012471,0.066247361
445,33.35172847,0.782370814,20.54011866,1.847818246,1.817013817,0.94184498,2,0.347836542,0.160557336,0.500634415
446,34.57108179,0.570235357,45.90674928945674,0.139843116,2.723927682,0.901660292,2,0.004328929,0.725349352,0.924232097
447,38.40954356,0.474715504,18.51257789,1.073245047,9.831710118,0.514251003,1,0.112845479,0.98461275,0.123615402
448,22.20632322,0.4722613220321942,70.47309152,0.406085631,2.041503463,0.600389508,1,0.687046557,0.841090176,0.22587343
449,28.14564441,0.427961664,89.4754647,9.390820017,1.1150726,0.672095478,1,0.43805835,0.658548263,0.08500591
450,22.86735123,0.590557232,48.979007895675146,9.778533292,5.307273826046557,0.338631646,2,0.844029501,0.40428903,0.232869639
451,28.49408414,0.764817012,59.36499705,8.00984231,4.204875762,0.950138818,1,0.511414515,0.147374099,0.454634742
452,22.4438012,0.230821793,2.972351834,8.303124686,1.240739992,0.5221404973247359,2,0.679204362,0.152736651,0.621966762
453,21.92667257,0.48459909699131964,76.75721086,2.019317545,5.412253242,0.34361565,2,0.546620034,0.952580495,0.031598523
454,28.60812811,0.383629877,37.6336563,0.328597961,8.743246324,0.706059204,1,0.430681118,0.312459675,0.389080491
455,35.28022276,0.490553712,53.93923862,5.622554113,5.847289874778768,0.4920186288957432,1,0.49469113,0.970870758,0.616939676
456,27.05527541,0.320482783,49.69144435818019,4.979978927291363,4.13989109,0.026899843,2,0.341256524,0.097350049,0.345143028
457,27.14732161,0.661240006,64.80828249,9.103890187,5.496490390458229,0.337594257,0,0.538416813,0.037377622,0.657767787
458,28.4494608,0.421172628,46.99670384226804,0.222364514,6.133181866,0.097725673,1,0.100056683,0.675111295,0.335967462
459,30.05537045,0.339539425,36.33343054,4.969517114,8.084346478,0.535834023,1,0.2651551,0.297320269,0.573520693
460,36.09206039,0.957941063,57.8193248,2.733649318,5.779572914,0.347316487,0,0.651536814,0.301847015,0.804126712
461,28.65820969,0.200076985,62.4963876,7.634422149,5.6339241965207645,0.5165926744038423,2,0.516224115,0.186538939,0.499203631
462,33.21612432,0.938102994,63.7926359,8.527746481,9.411723406,0.059881661,0,0.364274669,0.147743689,0.150472654
463,33.70613273,0.435388784,83.02143806,5.257476082020495,4.711945418,0.646042654,1,0.686854903,0.236129831,0.238483422
464,22.99924496,0.48083749877107046,31.05405678,9.912931058,9.150900605,0.272711963,0,0.258396847,0.803538183,0.658670713
465,23.51970444,0.963786891,1.990874153,0.839295411,8.804546018,0.407006852,1,0.671672073,0.885719352,0.396895051
466,36.79620947,0.236041152,50.02485285,5.360408717283948,6.223777671,0.525260137,1,0.884564862,0.238076855,0.122276833
467,36.13374491,0.584326221,74.83742293,4.228689985,5.591010465622121,0.5041355154410871,1,0.439475413,0.25430592,0.589480944
468,29.8071716,0.948710889,42.37813165,9.6331534,9.432750622,0.715671229,1,0.02107421,0.966805159,0.605814733
469,36.82945933,0.940848276,78.88027107,5.527279033,9.626352506,0.812250299,0,0.534910693,0.236381895,0.442402798
470,20.15732213,0.9275074,30.08881516,7.566679287,8.734750636,0.47891046308287544,1,0.631352703,0.879467248,0.766740901
471,28.12577632,0.4585435759705162,82.31977804,4.710912834,8.570471197,0.876761227,0,0.824400866,0.698482188,0.506334514
472,27.03712693,0.813428048,45.32617531,4.797222973038207,5.589816497182671,0.630156342,2,0.136092223,0.40066185,0.628296273
473,26.27443605,0.48170793524389427,46.49244242543821,9.696645868,7.86846433,0.685753378,1,0.451489899,0.873505844,0.133509802
474,23.46958051,0.327580436,8.439895074,3.934941804,8.512111462,0.020734638,0,0.923112352,0.647106689,0.626627358
475,38.13689561,0.198266203,16.87559564,4.289033681,1.801551406,0.947243508,0,0.014114907,0.5258377,0.77335932
476,38.56569744,0.49414903,20.31453639,8.134124263,7.717987265,0.431308589,0,0.600082786,0.99520745,0.282967245
477,33.54377302,0.408524102,49.495343024975895,2.617994639,9.165954115,0.684267086,1,0.085738674,0.468881608,0.871443475
478,39.48798354,0.212217664,42.32909511,0.730556182,1.469013505,0.470932423,1,0.996739437,0.93932194,0.967209844
479,31.96464132,0.045511872,61.96578769,3.946968144,9.712520294,0.58048691,1,0.169866499,0.492839828,0.339176736
480,29.36169731,0.46504244078349943,43.29296585,3.132696081,5.492895557,0.28100065,1,0.926237042,0.282925508,0.876936386
481,32.25863141,0.263757941,89.26718098,9.945650659,2.361382715,0.657419478,1,0.053222188,0.148620807,0.229860546
482,20.71724496,0.705962863,99.52017434,0.407917085,7.38126228,0.49298855,2,0.8668793,0.123654234,0.093577878
483,37.36346219,0.4781997330105553,52.046391569996246,2.727915538,6.271096616,0.971627355,2,0.76684763,0.180568847,0.920413197
484,24.92314872,0.094305224,28.42812514,1.219909444,9.362335984,0.49927208465936335,1,0.153775469,0.081063237,0.830699226
485,33.19078646,0.955201531,0.580536075,6.56172757,3.924239215,0.73431956,2,0.129320198,0.863278844,0.801557963
486,25.6590802,0.743799992,60.22915273,5.11648318131937,3.160721195,0.398917258,0,0.852345833,0.162940684,0.779492545
487,25.69871778,0.654064299,46.46250852704666,4.323584194,3.790911765,0.131286668,2,0.096111498,0.367456827,0.199871261
488,28.9088483,0.268479404,9.022234944,3.682360322,5.91194738956271,0.092947461,2,0.341744847,0.463524876,0.224230212
489,33.72473072,0.4732654892441003,62.95595813,2.907030245,9.164869399,0.148606539,0,0.684313937,0.300408653,0.248653505
490,28.55463614,0.55099433,51.34145178,4.130194045,7.482789994,0.355457636,2,0.081769562,0.503444567,0.113935491
491,33.23156647,0.4860881270385021,45.78705383555372,0.832905651,3.678827642,0.454998149,2,0.449947906,0.807834068,0.34133438
492,38.36223854,0.211068371,50.870130843982345,2.593176728,4.904190286,0.5187936171404418,1,0.11667826,0.171735351,0.477119874
493,33.8361246,0.965803808,48.67224939,9.739218922,7.064228286,0.394997238,1,0.087635131,0.135113947,0.190802083
494,36.31936446,0.188221103,51.46961396173926,1.451541904,8.578807389,0.538582535,0,0.30091787,0.463425555,0.473989088
495,20.43633656,0.48074421095979497,49.28997565263934,9.638668707,8.738168009,0.20133842,2,0.829450763,0.391733393,0.333850056
496,22.05327043,0.431787953,49.5703211,7.310785469,1.333154935,0.513355721,2,0.611495293,0.678667917,0.816689237
497,29.75802991,0.528308809,31.58501502,5.088771540928018,4.754237123,0.4947888,2,0.346764113,0.69751444,0.020806925
498,25.76021563,0.4571393955276037,23.21031131,9.090701542,6.418901195,0.656958136,0,0.883173393,0.722995003,0.390371233
499,28.33722157,0.652500188,47.23248467,1.620257543,7.21627794,0.5107912919045083,1,0.129096554,0.199484223,0.605749007
