City,Age,Salary,Eligible for bonus
1,0,81335,0
2,38,62937,1
3,65,61153,2
4,33,0,0
5,43,59626,2
6,59,53508,2
7,66,0,0
8,59,106103,2
4,0,42370,0
9,61,55646,2
10,78,83562,2
11,54,0,0
12,53,107371,2
11,56,75640,2
6,54,111619,2
7,20,48147,1
13,0,63535,0
14,0,72246,0
15,28,0,0
4,40,107998,2
11,0,119236,0
4,29,59470,1
6,58,52620,2
9,56,0,0
16,57,62922,2
11,32,78938,1
11,34,114298,1
9,55,118316,2
17,0,0,0
6,69,56247,2
6,0,37876,0
7,13,137150,1
12,49,61983,2
5,49,55407,2
18,0,0,0
12,61,88412,2
19,0,68906,0
1,44,34979,2
6,62,88398,2
7,0,82656,0
5,39,74817,1
5,0,33755,0
18,37,84812,1
1,0,66067,0
5,41,0,0
14,70,56921,2
2,47,45040,2
6,23,91789,1
17,33,83289,1
7,0,107804,0
1,0,0,0
10,0,75121,0
18,22,32610,2
11,31,70636,1
18,0,117446,0
1,46,82024,2
9,69,116933,2
8,46,100953,2
8,61,0,0
18,34,0,0
7,30,99587,1
6,35,36619,2
16,47,101215,2
10,61,105445,2
15,59,85625,2
13,53,78186,2
17,65,48124,2
10,0,79238,0
14,38,98445,1
20,23,115339,1
20,61,57877,2
13,0,0,0
16,36,42486,1
3,46,0,0
1,0,91293,0
2,33,56483,1
8,34,160689,1
7,0,85996,0
1,41,89298,2
4,42,63499,2
3,0,0,0
19,16,56803,1
10,69,49411,2
5,44,0,0
11,0,94762,0
7,55,48763,2
18,42,70894,2
8,69,71156,2
2,33,73384,1
14,36,114893,1
11,0,113326,0
11,42,30708,2
16,21,67604,1
10,52,71855,2
7,56,52166,2
7,66,0,0
11,49,93795,2
13,44,0,0
7,51,37900,2
16,29,74920,1
6,50,137594,2
16,0,0,0
1,47,95604,2
1,0,34854,0
11,0,0,0
20,28,95508,1
15,68,92057,2
4,44,47575,2
5,37,35467,2
1,0,39594,0
18,78,0,0
7,22,118068,1
17,26,99385,1
12,71,78668,2
12,23,0,0
13,68,95911,2
11,58,87137,2
2,0,52272,0
20,28,124943,1
6,31,39511,2
5,36,0,0
1,0,115633,0
20,0,38344,0
14,0,106687,0
18,37,42751,1
6,64,0,0
3,48,55718,2
19,26,86278,1
5,68,57091,2
11,0,139076,0
13,0,114217,0
12,53,76629,2
8,12,91276,1
17,61,98862,2
13,30,54983,1
11,16,119582,1
19,45,80482,2
10,35,97241,1
8,0,111515,0
7,55,49411,2
17,46,0,0
7,32,85485,1
14,0,30731,0
2,24,61149,1
5,17,69897,1
20,24,92048,1
14,31,90688,1
3,28,31981,2
4,54,54548,2
16,43,86754,2
2,21,86723,1
6,47,42608,2
17,69,116707,2
1,38,0,0
5,34,46649,1
10,20,32656,2
13,36,54915,1
6,26,32072,2
19,21,0,0
3,0,33832,0
1,64,45141,2
6,52,50444,2
5,65,49203,2
20,69,79087,2
8,27,53594,1
14,71,159440,2
14,16,62841,1
16,0,26386,0
8,0,97003,0
13,61,110981,2
12,62,0,0
2,65,33537,2
1,68,34160,2
18,19,0,0
9,29,0,0
3,59,105346,2
20,62,31885,2
9,20,0,0
11,39,88277,1
10,41,0,0
14,0,0,0
8,57,80456,2
15,27,0,0
13,59,99182,2
15,48,101165,2
12,54,0,0
20,42,56930,2
11,52,82610,2
9,39,0,0
19,0,39540,0
8,0,91020,0
9,51,88422,2
2,16,93048,1
12,0,83635,0
18,49,37719,2
6,16,65296,1
19,20,0,0
8,30,77363,1
12,37,51997,1
17,40,115791,2
7,32,75107,1
5,0,41278,0
2,27,57242,1
14,0,117810,0
19,37,101793,1
14,0,31499,0
4,56,0,0
3,0,117282,0
13,17,72201,1
10,54,0,0
13,59,0,0
9,0,83463,0
11,17,42761,1
3,0,0,0
2,66,91102,2
7,62,58666,2
16,0,112313,0
2,50,105444,2
17,22,38335,2
6,29,143824,1
17,25,68640,1
2,20,77227,1
2,30,108326,1
6,65,0,0
19,49,0,0
11,17,76894,1
8,0,0,0
5,64,49569,2
15,69,112954,2
11,0,71123,0
7,37,73521,1
4,64,104167,2
5,27,44042,1
17,0,91217,0
20,32,53624,1
18,58,51245,2
18,43,89352,2
12,18,90795,1
12,69,0,0
18,25,39440,2
9,69,64917,2
5,35,0,0
20,16,88354,1
3,0,118251,0
7,64,0,0
13,53,0,0
15,41,96632,2
20,33,0,0
4,0,103382,0
9,36,111214,1
14,21,37947,2
19,0,62552,0
4,70,0,0
19,35,102674,1
20,0,97800,0
19,54,112706,2
14,43,100374,2
9,22,34095,2
13,23,99731,1
17,50,53164,2
8,58,79354,2
18,25,103295,1
4,24,83420,1
18,60,106117,2
9,54,103043,2
9,27,135589,1
10,59,104647,2
6,46,118129,2
1,65,61513,2
5,59,65764,2
1,0,0,0
5,50,0,0
20,43,0,0
6,0,93474,0
11,36,96916,1
18,19,63976,1
3,16,56128,1
12,30,49645,1
13,0,108079,0
13,66,0,0
12,19,60163,1
16,32,61525,1
17,36,86765,1
10,43,101074,2
11,39,64600,1
17,27,0,0
13,39,89551,1
19,31,108556,1
15,29,30818,2
11,38,62599,1
20,61,0,0
5,64,50087,2
13,54,75145,2
6,18,105540,1
13,43,100758,2
3,43,0,0
7,65,58039,2
5,64,125957,2
16,0,39294,0
10,49,90189,2
19,42,0,0
3,58,69192,2
6,0,87180,0
6,51,93491,2
6,0,85616,0
10,0,0,0
14,59,53277,2
20,40,74071,2
14,0,45455,0
8,26,59089,1
3,48,97315,2
11,34,58203,1
14,45,85736,2
14,60,0,0
12,50,70556,2
7,0,55665,0
10,50,0,0
18,0,0,0
12,32,99451,1
11,66,116333,2
20,55,69071,2
10,17,48439,1
19,40,84580,2
10,0,106283,0
19,59,44238,2
6,45,88986,2
15,19,42558,1
8,70,80669,2
1,0,0,0
11,36,85959,1
18,26,0,0
15,63,0,0
15,0,33952,0
17,49,97684,2
18,41,103280,2
14,48,100050,2
7,18,0,0
6,54,42261,2
11,58,73003,2
15,37,112681,1
13,0,100686,0
2,41,98565,2
5,0,110354,0
2,17,75377,1
20,0,103854,0
9,66,39259,2
9,0,34068,0
5,39,77268,1
1,57,0,0
7,67,85329,2
10,48,33344,2
19,31,112264,1
12,32,0,0
15,59,64632,2
4,27,95195,1
10,24,54434,1
8,30,65599,1
6,27,80365,1
10,20,83401,1
6,18,113612,1
20,69,95200,2
16,67,67658,2
16,0,0,0
11,34,90401,1
6,35,81482,1
6,35,105069,1
5,52,0,0
1,0,109479,0
3,0,150855,0
19,0,90477,0
14,37,79674,1
7,52,91992,2
14,66,98920,2
14,60,62458,2
19,66,59371,2
15,67,55481,2
5,36,0,0
9,0,0,0
7,46,0,0
12,64,62847,2
1,40,38891,2
11,0,96997,0
16,24,0,0
13,16,0,0
14,41,77897,2
19,46,33426,2
5,52,82664,2
19,18,111553,1
12,17,0,0
12,39,0,0
3,22,83955,1
15,52,70542,2
3,49,51573,2
20,23,0,0
12,60,111363,2
6,29,0,0
6,68,83464,2
1,57,52947,2
18,68,62364,2
10,69,38227,2
1,54,111001,2
16,69,78105,2
10,70,0,0
5,0,84780,0
11,42,0,0
3,42,0,0
4,47,111239,2
10,31,82934,1
1,57,97876,2
2,0,38342,0
6,37,61272,1
1,67,0,0
5,32,161081,1
20,76,91642,2
9,0,0,0
6,17,30483,2
8,0,54601,0
8,56,0,0
15,27,0,0
19,37,70909,1
14,45,0,0
5,26,57656,1
3,66,0,0
11,53,87272,2
7,25,0,0
1,53,67194,2
7,18,78525,1
10,24,59319,1
1,35,108964,1
4,20,113995,1
18,43,104806,2
11,68,87459,2
17,69,81698,2
16,74,119499,2
6,0,46457,0
20,40,65263,2
20,27,88990,1
1,26,82066,1
10,42,41221,2
14,48,45486,2
10,66,91502,2
11,57,98891,2
5,36,115576,1
20,42,0,0
17,57,0,0
16,41,0,0
13,30,85277,1
20,66,50923,2
17,0,78314,0
7,50,69701,2
17,42,44357,2
12,67,108778,2
2,57,42225,2
1,22,108443,1
16,40,100293,2
8,57,83460,2
12,42,0,0
14,0,40183,0
10,67,56649,2
6,0,55032,0
18,0,93741,0
1,0,0,0
11,51,49852,2
12,30,0,0
13,38,77523,1
2,34,110286,1
4,31,103155,1
2,21,57969,1
17,38,114380,1
12,0,52823,0
3,61,168455,2
5,43,84179,2
3,68,68519,2
12,45,104181,2
10,58,52941,2
13,37,71577,1
14,26,0,0
3,63,0,0
17,67,0,0
4,21,67065,1
6,34,113686,1
6,37,0,0
4,40,95744,2
18,74,49924,2
17,41,38674,2
4,43,77476,2
8,59,80675,2
7,0,64112,0
1,48,71296,2
2,19,76065,1
15,54,78684,2
7,17,117921,1
14,19,0,0
13,36,99257,1
7,66,0,0
6,65,39562,2
4,46,0,0
1,47,68125,2
15,47,41665,2
20,22,112347,1
10,62,33129,2
4,29,0,0
16,25,0,0
18,48,56703,2
15,27,143897,1
16,26,49714,1
18,0,0,0
8,57,0,0
17,40,100039,2
3,66,85124,2
13,0,98995,0
6,39,67812,1
10,0,0,0
20,68,57692,2
2,34,103521,1
5,0,82491,0
2,67,95136,2
17,61,39872,2
12,47,166924,2
12,35,71567,1
5,44,34795,2
3,18,107560,1
17,70,115654,2
13,27,0,0
20,41,82774,2
5,50,34229,2
14,0,73788,0
3,61,93189,2
19,67,61573,2
1,39,60832,1
17,32,0,0
3,68,0,0
20,52,105464,2
3,28,0,0
20,58,50516,2
3,69,163613,2
15,63,106705,2
18,31,0,0
14,29,48902,1
5,0,50015,0
20,0,54000,0
2,0,35147,0
12,27,51710,1
20,0,107807,0
1,29,0,0
12,45,114566,2
15,0,104918,0
12,38,98764,1
11,0,52348,0
5,53,0,0
15,42,0,0
6,23,43732,1
7,0,106165,0
11,42,65910,2
10,50,99127,2
11,65,77913,2
7,39,0,0
13,0,112456,0
10,24,0,0
5,0,61592,0
16,0,75262,0
11,0,85481,0
13,42,35947,2
11,39,0,0
19,18,80163,1
7,64,48966,2
5,46,53520,2
5,52,93396,2
17,24,115823,1
4,31,68793,1
1,35,60826,1
2,29,92256,1
11,20,79903,1
6,45,0,0
5,30,75810,1
4,53,0,0
19,0,68465,0
18,0,35121,0
11,48,89943,2
10,25,52385,1
5,21,0,0
7,0,73248,0
10,32,39532,2
2,41,0,0
13,27,39458,2
7,57,51293,2
6,30,58652,1
9,52,52803,2
9,70,49961,2
15,0,34216,0
12,58,43609,2
7,0,0,0
2,54,94860,2
6,43,69616,2
9,57,56233,2
5,33,0,0
9,17,62166,1
6,19,86944,1
9,50,0,0
8,20,104874,1
9,0,0,0
7,0,67677,0
7,41,96191,2
4,45,92893,2
10,53,105970,2
7,0,76704,0
14,0,107426,0
15,76,64963,2
10,43,78074,2
13,27,88402,1
11,20,30869,2
11,17,0,0
5,49,48313,2
4,0,44950,0
3,29,108177,1
4,30,37919,2
11,66,63536,2
4,0,0,0
3,55,123593,2
11,0,0,0
16,61,0,0
1,45,0,0
9,32,109994,1
15,62,47948,2
9,22,53595,1
18,58,65802,2
10,54,119091,2
12,32,79933,1
20,0,68595,0
4,63,103587,2
1,46,35654,2
20,39,75955,1
11,69,116089,2
15,16,67800,1
19,32,66173,1
14,16,114520,1
9,19,59778,1
20,25,69581,1
7,69,37709,2
19,33,71627,1
20,44,0,0
10,68,91952,2
3,33,63312,1
20,70,76872,2
17,69,74757,2
13,62,82086,2
16,0,57277,0
14,71,111291,2
17,42,71838,2
13,38,33119,2
11,17,46807,1
11,61,116499,2
13,16,57668,1
5,41,0,0
16,41,107698,2
11,47,0,0
13,51,108156,2
18,60,77476,2
12,47,0,0
1,0,70466,0
20,55,0,0
12,32,0,0
3,0,119564,0
5,0,95370,0
7,37,109966,1
12,25,52887,1
9,45,0,0
1,46,73175,2
4,18,42078,1
3,36,68421,1
19,65,103821,2
3,53,56881,2
10,53,114905,2
1,49,0,0
18,44,56326,2
5,18,49071,1
19,20,64995,1
4,34,80125,1
13,24,103418,1
18,65,104852,2
2,18,92209,1
7,30,92300,1
6,47,64346,2
18,48,44575,2
6,59,88902,2
19,22,0,0
6,43,50707,2
11,23,33246,2
6,27,111648,1
16,54,36307,2
14,47,0,0
1,55,85244,2
13,50,85953,2
13,0,58700,0
8,24,0,0
9,16,0,0
1,69,134758,2
16,0,0,0
10,0,61091,0
3,41,40835,2
15,0,56755,0
8,0,113737,0
13,33,0,0
18,31,113685,1
11,36,70939,1
16,65,95776,2
17,50,48172,2
4,29,61476,1
11,49,124429,2
19,18,136443,1
16,52,66116,2
15,48,0,0
13,26,79585,1
17,62,45050,2
15,25,56394,1
18,0,65629,0
5,19,79299,1
20,0,0,0
4,0,116959,0
9,50,112714,2
15,68,64348,2
15,64,35956,2
16,0,0,0
19,54,116962,2
20,42,40607,2
18,43,72731,2
5,16,31342,2
12,27,45393,1
7,57,107932,2
16,0,81232,0
7,41,0,0
18,50,97010,2
19,38,94927,1
1,29,33547,2
2,34,39728,2
18,19,115120,1
6,41,114861,2
18,36,59095,1
8,64,0,0
12,23,92348,1
11,31,105184,1
18,35,104711,1
14,45,73524,2
2,64,87092,2
10,27,60909,1
4,65,0,0
4,18,53971,1
8,60,54013,2
19,42,105901,2
13,69,0,0
15,0,92563,0
5,30,97758,1
7,24,99869,1
2,0,50364,0
19,31,33769,2
1,0,0,0
11,44,84319,2
16,36,30202,2
15,34,95441,1
16,52,0,0
9,66,62112,2
18,54,75035,2
10,0,78131,0
10,0,48280,0
17,56,38110,2
3,21,72623,1
13,70,78639,2
15,51,92144,2
2,68,39284,2
20,49,0,0
14,27,78101,1
2,41,52842,2
18,19,108196,1
4,47,48982,2
8,25,93120,1
20,20,118367,1
13,38,98068,1
6,27,49071,1
5,21,104585,1
16,0,102202,0
14,0,91018,0
12,34,47203,1
16,0,80643,0
16,30,32043,2
16,35,69827,1
13,37,40908,1
3,0,0,0
6,30,0,0
5,60,98769,2
12,59,58595,2
15,41,82725,2
16,0,0,0
4,59,109892,2
3,19,97648,1
17,44,33758,2
12,42,101601,2
3,25,47047,1
17,50,0,0
1,0,44565,0
11,49,86619,2
8,34,66838,1
16,22,68299,1
10,0,84965,0
12,40,112702,2
10,0,99725,0
18,16,87957,1
16,0,63273,0
19,40,75827,2
4,27,62307,1
3,48,59447,2
13,0,0,0
3,67,115329,2
11,37,0,0
17,0,117798,0
12,70,0,0
17,0,61574,0
13,27,102160,1
6,17,0,0
12,50,54466,2
11,52,64403,2
16,0,0,0
12,61,122163,2
14,51,107706,2
17,39,0,0
10,48,39882,2
9,16,100731,1
1,36,92734,1
12,45,128930,2
18,70,102375,2
11,0,74655,0
3,24,0,0
19,59,113548,2
18,31,110489,1
17,22,117804,1
6,39,93181,1
2,52,0,0
4,0,55816,0
8,35,58073,1
3,30,98438,1
13,63,90923,2
11,0,50590,0
8,44,112622,2
15,0,37936,0
9,42,112337,2
3,59,33059,2
15,67,117876,2
18,35,82702,1
12,32,102587,1
20,0,91191,0
16,58,86655,2
16,0,53897,0
18,0,34273,0
9,38,0,0
20,43,31047,2
10,45,82416,2
14,35,115797,1
19,27,113245,1
10,0,0,0
14,38,0,0
9,20,0,0
17,56,99581,2
20,48,81449,2
8,53,107972,2
8,60,53039,2
17,0,63947,0
3,23,32033,2
1,64,88231,2
13,69,93568,2
4,49,0,0
1,65,37149,2
19,0,43110,0
19,24,61100,1
4,24,97196,1
19,50,85599,2
16,57,98799,2
16,65,116693,2
12,0,47925,0
4,54,96202,2
15,30,94360,1
9,34,58043,1
9,51,0,0
17,43,81422,2
16,0,53799,0
17,49,96084,2
1,84,103413,2
16,52,44448,2
6,60,22459,2
4,49,134994,2
13,40,72933,2
1,60,102178,2
7,62,114265,2
10,35,0,0
19,16,66652,1
10,53,102267,2
13,29,116855,1
14,19,30287,2
20,51,0,0
2,19,42778,1
17,31,0,0
6,16,0,0
2,58,0,0
12,48,84300,2
7,37,73000,1
18,49,99098,2
19,35,61309,1
5,43,0,0
4,17,0,0
18,52,49494,2
20,0,109662,0
15,0,89244,0
9,29,105563,1
2,63,101951,2
14,0,0,0
13,33,92455,1
4,30,52273,1
4,25,113738,1
5,43,49225,2
5,0,56089,0
17,61,95767,2
11,32,68364,1
15,36,108057,1
13,30,79900,1
7,67,45466,2
12,61,36291,2
4,0,35368,0
1,0,42075,0
8,0,40530,0
9,0,94626,0
19,55,111610,2
11,49,0,0
15,35,118311,1
10,33,0,0
14,47,0,0
6,49,83508,2
18,32,118284,1
15,70,91580,2
4,63,112210,2
19,50,45955,2
7,17,58443,1
12,0,57508,0
20,0,0,0
14,21,102016,1
18,26,39296,2
19,22,0,0
18,54,51675,2
2,66,80867,2
2,61,73155,2
13,65,143762,2
13,0,54868,0
19,18,93088,1
15,41,38905,2
3,0,0,0
12,68,47415,2
16,56,0,0
6,64,91704,2
4,27,0,0
17,37,0,0
3,27,61698,1
11,66,57780,2
3,27,0,0
15,0,85656,0
13,55,92572,2
7,36,0,0
17,0,84988,0
16,39,62473,1
12,60,55071,2
17,20,80572,1
10,59,54291,2
20,0,58275,0
20,46,65624,2
13,59,0,0
17,34,51683,1
17,40,0,0
18,34,38473,2
6,65,0,0
2,0,45086,0
6,57,47024,2
4,29,94366,1
7,65,62346,2
10,42,111578,2
12,68,112511,2
3,59,85387,2
7,48,88668,2
3,59,39908,2
9,38,0,0
19,57,0,0
7,57,98308,2
6,64,55142,2
19,49,55310,2
2,41,103194,2
18,35,107687,1
18,65,104703,2
16,0,65005,0
20,41,92245,2
17,66,90140,2
6,38,47286,1
6,0,83294,0
5,28,0,0
2,70,0,0
7,0,99692,0
17,46,91351,2
15,47,32906,2
15,44,58439,2
8,0,48003,0
10,30,0,0
13,42,36603,2
4,21,99283,1
20,57,44704,2
15,49,0,0
4,34,81934,1
20,42,35506,2
8,31,114713,1
18,37,0,0
20,0,79013,0
18,0,61982,0
2,52,88706,2
19,26,0,0
9,55,0,0
1,60,54968,2
13,44,0,0
7,47,36532,2
19,0,31236,0
9,0,88149,0
18,48,104996,2
1,17,0,0
9,78,81942,2
14,28,110973,1
16,0,87561,0
1,0,42257,0
7,56,113589,2
6,63,0,0
10,0,107855,0
3,0,87492,0
13,67,71096,2
7,62,100418,2
12,24,74795,1
6,31,72983,1
13,43,49845,2
15,0,34190,0
19,0,43994,0
2,29,0,0
5,0,78891,0
8,0,60677,0
19,56,88182,2
8,62,64832,2
1,21,0,0
19,0,77104,0
9,44,123643,2
10,28,71158,1
5,25,58777,1
19,21,100720,1
11,0,77209,0
20,30,111007,1
13,18,81461,1
15,28,62509,1
5,34,108668,1
13,62,101907,2
7,28,117888,1
9,48,115168,2
12,0,105344,0
3,0,60000,0
7,63,67169,2
5,20,30916,2
10,54,87221,2
5,41,0,0
5,66,34906,2
6,21,51014,1
19,41,119363,2
10,64,0,0
2,56,0,0
20,60,93695,2
18,45,61226,2
18,0,51383,0
12,55,40522,2
16,62,114928,2
8,24,35653,2
15,80,113548,2
14,52,64104,2
20,30,39311,2
16,37,0,0
16,20,39868,2
12,48,91384,2
16,27,87506,1
5,60,0,0
12,51,98501,2
5,53,112949,2
5,59,0,0
3,54,74108,2
7,55,0,0
19,30,113537,1
10,56,101179,2
14,48,97136,2
20,40,87473,2
6,32,49883,1
6,44,61715,2
11,59,65770,2
17,16,72535,1
11,18,35419,2
14,0,31674,0
9,42,0,0
3,50,78019,2
15,0,50169,0
17,38,85115,1
19,58,90292,2
20,0,73774,0
3,0,97282,0
11,0,52428,0
1,59,106352,2
1,31,0,0
12,56,79192,2
1,54,81906,2
5,0,78847,0
13,44,63738,2
9,16,80610,1
6,63,0,0
9,64,93293,2
8,60,58065,2
18,27,93841,1
4,0,0,0
19,20,84522,1
18,58,42276,2
11,51,119588,2
15,0,79747,0
19,57,56371,2
5,15,85891,1
1,61,44464,2
18,47,99741,2
2,26,85343,1
17,0,0,0
5,50,95349,2
15,0,47405,0
9,16,103036,1
9,19,81618,1
20,0,29604,0
1,37,106104,1
16,17,28064,2
9,56,69068,2
9,0,97790,0
11,49,58061,2
17,17,117748,1
12,0,105605,0
19,23,111838,1
6,63,0,0
10,41,34628,2
10,0,0,0
7,77,76954,2
12,24,42084,1
18,24,61439,1
10,33,89118,1
12,41,37035,2
7,27,104176,1
8,45,84480,2
18,63,44458,2
18,0,52216,0
11,66,42778,2
14,61,81971,2
20,31,0,0
12,22,48565,1
10,48,112275,2
6,18,0,0
1,65,89328,2
15,0,77489,0
11,34,91794,1
2,0,71087,0
10,32,135249,1
3,0,0,0
1,49,43269,2
1,68,112734,2
4,0,0,0
15,30,0,0
6,55,35788,2
16,45,92662,2
16,47,0,0
10,20,79394,1
13,17,62171,1
12,80,105620,2
3,0,34052,0
14,43,96542,2
5,31,31755,2
18,41,102827,2
1,0,102008,0
18,37,43043,1
13,35,42683,1
5,19,96628,1
11,31,75511,1
4,25,115904,1
11,0,34371,0
4,36,94705,1
16,27,71720,1
17,16,32970,2
7,47,104656,2
5,23,93605,1
18,27,65320,1
6,35,67818,1
18,31,39033,2
2,60,105957,2
16,48,0,0
4,56,35453,2
9,0,40203,0
1,37,98685,1
3,46,64949,2
16,51,61228,2
7,56,36649,2
4,69,0,0
8,0,0,0
7,39,80025,1
14,0,84043,0
11,16,37048,2
17,68,82377,2
17,59,105186,2
7,28,108296,1
6,0,40914,0
6,0,112848,0
9,28,88809,1
5,48,58341,2
15,37,0,0
14,81,73345,2
5,63,35538,2
9,54,0,0
9,20,105540,1
13,50,70894,2
15,56,0,0
16,40,33237,2
3,60,0,0
4,0,82778,0
4,19,93075,1
9,36,52246,1
10,35,102797,1
13,45,69843,2
2,57,53829,2
15,63,105529,2
7,29,105208,1
16,0,105629,0
16,29,0,0
18,56,0,0
14,69,0,0
4,0,57072,0
14,18,103483,1
12,50,34259,2
5,64,0,0
14,16,89035,1
8,0,110937,0
12,0,0,0
7,0,68045,0
18,19,0,0
7,65,58769,2
14,0,93169,0
7,29,89503,1
6,44,112251,2
2,0,86411,0
6,35,0,0
16,0,53847,0
13,41,95102,2
15,33,0,0
4,51,115893,2
10,31,73072,1
7,46,105699,2
9,46,107126,2
17,19,93249,1
6,52,104983,2
19,24,0,0
2,53,0,0
16,82,0,0
7,22,39703,2
16,0,114868,0
9,27,54448,1
20,43,46356,2
17,74,0,0
5,0,106871,0
17,23,56005,1
2,69,0,0
6,38,43691,1
20,0,154334,0
7,29,55498,1
15,18,111364,1
3,62,104025,2
16,0,31483,0
4,27,0,0
4,53,66159,2
10,28,126355,1
1,0,54012,0
10,41,0,0
14,58,0,0
15,45,67104,2
11,31,102347,1
15,48,0,0
2,45,48348,2
2,56,101254,2
18,35,90295,1
13,54,50906,2
10,0,106690,0
15,31,103136,1
11,29,116728,1
6,59,37872,2
10,59,48139,2
15,0,0,0
18,38,49457,1
15,71,106482,2
9,52,72540,2
10,0,96399,0
7,55,0,0
1,59,0,0
13,66,0,0
11,33,51132,1
15,42,111691,2
3,0,0,0
15,28,101999,1
12,0,77679,0
18,15,0,0
12,71,103186,2
6,69,0,0
5,42,44178,2
16,58,105427,2
12,20,121836,1
11,60,0,0
12,25,109338,1
10,33,114517,1
13,55,74031,2
20,52,119679,2
4,69,59482,2
7,49,62056,2
6,70,35794,2
8,62,0,0
6,69,83145,2
15,0,85349,0
13,78,46606,2
10,17,110244,1
1,65,52341,2
19,0,0,0
19,66,0,0
9,16,53116,1
18,33,76162,1
9,45,50950,2
2,54,67822,2
10,28,85184,1
11,23,0,0
18,21,0,0
17,46,0,0
1,0,95344,0
4,24,73977,1
14,0,78622,0
10,23,76850,1
17,60,150762,2
5,0,113233,0
9,21,107890,1
6,64,117125,2
16,21,83709,1
11,0,0,0
16,0,134896,0
6,58,0,0
3,20,45603,1
18,0,0,0
17,19,108914,1
8,43,30239,2
15,39,92964,1
13,51,0,0
1,62,62440,2
15,59,0,0
7,31,56796,1
12,63,33348,2
18,24,38940,2
13,0,113751,0
14,38,111643,1
2,0,80238,0
19,26,35957,2
9,0,118708,0
18,47,97174,2
17,59,44214,2
20,20,71490,1
15,28,56363,1
3,48,105111,2
20,29,149814,1
3,37,112038,1
2,0,56467,0
16,49,60190,2
9,54,91028,2
15,28,72106,1
6,26,64599,1
14,60,117523,2
12,0,49694,0
1,39,73361,1
20,53,90917,2
14,0,0,0
12,56,51812,2
11,35,45510,1
19,0,71608,0
9,33,31726,2
4,56,57991,2
9,16,118294,1
10,0,93614,0
2,23,117699,1
19,34,0,0
12,52,116622,2
2,56,112600,2
10,47,97507,2
15,34,37725,2
11,28,116308,1
18,55,0,0
2,0,107789,0
14,0,69844,0
8,30,0,0
17,25,37447,2
8,54,89685,2
10,41,0,0
10,73,89550,2
11,69,47937,2
3,33,0,0
10,0,105544,0
9,0,41001,0
16,59,85818,2
3,56,115022,2
14,17,108439,1
20,47,83838,2
14,0,117283,0
1,52,89851,2
10,21,101161,1
13,66,70847,2
16,30,52892,1
16,0,0,0
14,54,39811,2
10,63,0,0
14,48,103962,2
14,58,0,0
10,0,30725,0
12,69,0,0
19,0,40955,0
6,64,81434,2
3,48,104331,2
9,55,41499,2
16,19,31949,2
14,62,80852,2
9,25,79496,1
4,0,47232,0
10,41,102844,2
15,0,59567,0
15,54,40594,2
2,66,0,0
16,51,61779,2
11,36,119263,1
20,0,91379,0
17,32,142888,1
9,54,0,0
2,45,97485,2
5,50,45987,2
13,0,61534,0
7,0,50798,0
2,66,67419,2
8,52,65668,2
16,58,53699,2
8,47,113929,2
18,0,119976,0
14,28,39502,2
7,34,0,0
11,47,82558,2
5,29,77945,1
9,0,96171,0
4,64,50535,2
19,28,108347,1
7,43,47256,2
7,36,113614,1
13,35,0,0
18,31,0,0
10,81,144733,2
12,60,38203,2
9,67,97069,2
19,48,97461,2
12,47,75880,2
19,0,136541,0
19,56,61090,2
10,0,108498,0
16,62,84855,2
12,42,87079,2
8,66,75819,2
1,20,114539,1
14,47,78734,2
7,47,30349,2
1,52,97403,2
15,35,97854,1
14,46,34694,2
15,62,30075,2
6,63,82667,2
12,82,43265,2
11,41,111487,2
12,67,33375,2
15,40,112195,2
1,50,55352,2
2,56,0,0
13,44,100952,2
8,41,65620,2
4,0,45423,0
15,26,51096,1
15,49,119804,2
13,44,36570,2
5,45,55440,2
14,22,65877,1
19,68,168333,2
14,60,35873,2
8,0,69739,0
18,0,55170,0
8,0,99200,0
11,56,0,0
3,28,42645,1
17,18,81295,1
17,46,0,0
5,26,67117,1
2,37,94962,1
2,16,104430,1
4,24,103453,1
7,40,71554,2
6,40,81626,2
4,0,0,0
16,0,0,0
11,21,101486,1
3,44,53888,2
8,64,75405,2
5,69,67584,2
17,0,72933,0
7,34,0,0
12,50,89398,2
16,61,0,0
20,47,101855,2
11,0,34406,0
17,30,108090,1
16,0,56960,0
6,44,86151,2
7,43,0,0
15,42,97225,2
14,55,0,0
6,21,38584,2
7,19,106966,1
19,60,78923,2
9,18,82676,1
19,19,52758,1
13,30,56720,1
5,0,0,0
10,17,36778,2
20,16,68891,1
18,69,0,0
15,16,42458,1
19,32,109051,1
9,50,82079,2
11,44,74804,2
7,65,46865,2
20,38,91417,1
4,26,48170,1
17,42,84898,2
19,62,64644,2
12,0,0,0
20,58,92451,2
15,0,111836,0
8,0,32950,0
6,0,46074,0
13,39,83036,1
3,28,82760,1
4,36,0,0
10,66,88545,2
20,29,110035,1
1,47,30895,2
1,48,102040,2
8,0,62565,0
7,34,40300,1
15,35,63449,1
10,37,112768,1
1,36,53895,1
12,33,40745,1
20,37,39411,2
19,67,117148,2
8,53,52596,2
2,0,71102,0
15,31,96665,1
4,34,45379,1
15,0,80226,0
13,45,97101,2
20,36,65164,1
11,62,57489,2
1,0,59198,0
17,0,100761,0
15,68,70054,2
15,36,80859,1
13,0,114902,0
12,29,0,0
6,0,99749,0
15,23,49960,1
4,30,36149,2
13,17,67770,1
19,40,86796,2
9,60,89400,2
1,0,53542,0
19,22,31270,2
16,0,106295,0
14,0,103193,0
14,63,0,0
1,0,0,0
6,53,86585,2
14,54,107894,2
19,53,0,0
9,26,145177,1
3,82,115423,2
9,28,0,0
1,57,0,0
8,33,50637,1
2,0,47565,0
16,0,0,0
2,45,57135,2
3,33,37816,2
12,40,80871,2
20,0,68007,0
4,44,63312,2
9,20,0,0
16,0,116300,0
7,67,0,0
20,0,0,0
11,43,85534,2
6,52,0,0
13,70,100529,2
11,47,53664,2
16,0,88317,0
5,69,87073,2
2,59,50469,2
19,25,64698,1
2,54,0,0
1,45,35412,2
14,35,81142,1
18,68,0,0
13,55,116248,2
18,17,41562,1
13,30,30856,2
16,33,0,0
4,55,107633,2
1,0,98262,0
5,81,52751,2
17,25,52855,1
11,18,156175,1
18,27,112960,1
10,67,0,0
12,56,82193,2
6,68,0,0
8,46,36611,2
17,0,109623,0
8,39,0,0
16,51,35997,2
9,43,106988,2
19,0,113165,0
5,83,64724,2
6,61,0,0
8,49,54654,2
17,45,33466,2
8,0,113071,0
9,48,36101,2
13,61,75238,2
18,50,31639,2
12,50,98519,2
2,54,49749,2
19,0,0,0
3,44,51896,2
10,20,117149,1
3,53,0,0
5,0,120722,0
17,41,95716,2
11,23,56055,1
12,43,61631,2
13,63,110473,2
6,46,0,0
19,45,51040,2
16,39,92729,1
20,59,0,0
9,65,36660,2
5,56,50250,2
16,67,85666,2
5,17,67786,1
3,29,0,0
3,20,63310,1
9,22,68138,1
15,36,42566,1
2,0,51209,0
7,22,101713,1
4,31,0,0
20,60,39813,2
1,57,46528,2
2,0,111496,0
17,22,91586,1
16,38,101318,1
2,31,0,0
19,55,77720,2
12,60,0,0
3,0,97631,0
7,47,89663,2
4,63,43915,2
12,66,0,0
4,0,98446,0
5,35,0,0
11,42,82495,2
15,50,117776,2
11,35,52212,1
6,70,0,0
14,62,65178,2
10,63,65672,2
13,24,40193,1
7,78,64177,2
3,33,98348,1
1,0,43908,0
5,0,77778,0
20,51,55064,2
12,37,0,0
7,0,104008,0
8,18,70471,1
12,43,113767,2
2,0,101301,0
19,17,0,0
20,48,60147,2
19,19,94696,1
15,28,42571,1
7,48,100737,2
6,28,0,0
4,67,63978,2
11,63,48600,2
8,32,37657,2
20,55,78235,2
2,47,112477,2
13,60,46881,2
12,64,43829,2
1,47,55114,2
6,0,111452,0
4,31,116986,1
5,63,0,0
4,53,57193,2
4,77,0,0
6,62,115898,2
18,36,54578,1
19,49,61046,2
8,42,0,0
15,24,68617,1
20,63,0,0
9,50,67213,2
6,52,0,0
13,22,38602,2
3,66,0,0
10,46,0,0
19,22,0,0
15,58,0,0
7,50,65801,2
9,63,93823,2
13,64,90032,2
9,62,108707,2
17,0,80586,0
16,0,33610,0
6,70,99253,2
13,0,51828,0
16,28,0,0
6,54,105206,2
17,18,43961,1
14,84,0,0
18,53,72703,2
5,65,110897,2
17,49,0,0
5,0,0,0
14,16,105932,1
7,55,0,0
1,40,99843,2
3,0,56742,0
16,44,90059,2
16,0,103766,0
14,0,97746,0
4,61,82803,2
16,0,42271,0
10,0,75073,0
4,18,77302,1
14,0,66299,0
18,29,0,0
8,24,99031,1
6,0,0,0
17,20,114772,1
13,66,69175,2
1,43,30489,2
9,42,55576,2
15,63,0,0
19,36,32980,2
13,57,75859,2
10,41,115106,2
14,33,79240,1
4,61,0,0
9,0,102075,0
2,22,89605,1
10,0,49335,0
16,63,0,0
1,0,0,0
1,43,0,0
20,64,93740,2
17,0,83406,0
1,0,78825,0
3,0,96322,0
7,43,0,0
19,0,0,0
11,61,90179,2
1,50,102639,2
6,36,79092,1
18,32,92775,1
12,43,80739,2
12,64,0,0
12,65,31699,2
6,59,45229,2
20,36,97485,1
2,59,37499,2
10,31,58969,1
9,25,31253,2
2,38,90972,1
17,19,116786,1
6,50,47313,2
10,60,78021,2
17,18,144007,1
10,23,66615,1
10,0,43483,0
3,67,89850,2
7,0,45735,0
3,68,30305,2
10,38,85910,1
5,30,71487,1
5,53,82236,2
13,62,40602,2
20,38,96732,1
11,22,51426,1
10,62,0,0
6,0,0,0
10,42,0,0
2,45,116987,2
6,38,116315,1
15,0,51657,0
10,41,0,0
7,0,0,0
8,40,47074,2
17,41,71599,2
8,16,108965,1
2,45,0,0
7,68,0,0
19,22,104378,1
20,0,0,0
6,38,68433,1
13,0,0,0
3,38,61740,1
16,52,0,0
18,0,92987,0
12,42,96959,2
12,0,117286,0
13,0,93005,0
12,49,65454,2
8,38,30646,2
13,22,0,0
12,53,35923,2
18,0,0,0
4,53,52143,2
17,46,103816,2
15,56,0,0
19,47,68486,2
19,32,108648,1
7,22,37770,2
1,36,32499,2
19,57,77252,2
20,35,62766,1
4,50,31904,2
14,69,79363,2
2,58,97862,2
3,0,0,0
4,69,106428,2
18,27,106442,1
5,28,90045,1
15,58,0,0
1,0,0,0
13,23,104184,1
11,16,115076,1
20,0,0,0
8,0,91396,0
3,16,65545,1
19,39,79933,1
8,36,32336,2
3,53,93655,2
18,21,0,0
18,49,107032,2
14,30,0,0
9,0,94163,0
3,31,34554,2
17,0,80625,0
20,0,62987,0
1,61,94649,2
5,58,112701,2
6,23,52428,1
17,0,101084,0
13,38,65719,1
18,18,0,0
8,0,95461,0
12,31,66431,1
14,38,0,0
7,20,108786,1
9,65,42160,2
13,46,0,0
15,42,99714,2
8,68,84452,2
13,62,89071,2
15,21,89535,1
1,0,60428,0
7,72,0,0
20,60,77985,2
9,19,79877,1
4,29,61633,1
9,40,0,0
16,0,81109,0
12,0,84767,0
17,58,79902,2
2,68,32384,2
16,46,106321,2
11,25,80800,1
4,70,46786,2
12,47,0,0
10,28,116694,1
1,0,0,0
8,68,58598,2
14,60,89332,2
12,43,105316,2
14,65,0,0
1,44,95386,2
2,0,38430,0
19,73,39899,2
17,31,45563,1
14,23,67646,1
18,48,35790,2
7,17,118938,1
15,47,97637,2
4,0,0,0
20,0,65363,0
19,0,117076,0
17,42,92585,2
2,17,0,0
3,29,43559,1
17,53,101314,2
15,30,65731,1
17,28,65355,1
15,74,85223,2
4,43,37416,2
14,20,35479,2
10,33,0,0
4,37,89289,1
13,68,32711,2
11,35,39019,2
5,37,96199,1
2,68,109054,2
5,31,67914,1
7,67,46720,2
15,38,40429,1
11,26,112371,1
19,56,37683,2
14,0,81971,0
8,56,0,0
8,31,106807,1
1,28,0,0
16,0,0,0
16,50,37416,2
15,0,116647,0
1,54,34379,2
20,21,62907,1
16,20,108172,1
14,50,54645,2
14,47,0,0
4,67,0,0
2,57,46969,2
10,60,107249,2
13,39,94722,1
10,0,51541,0
1,0,0,0
1,62,73764,2
15,55,75049,2
11,21,75373,1
10,32,56940,1
19,0,100006,0
12,36,141900,1
13,59,87434,2
18,0,78291,0
15,36,78681,1
5,18,56491,1
10,0,77591,0
8,58,92561,2
7,54,0,0
14,51,36524,2
11,0,58028,0
2,24,73322,1
15,44,0,0
10,27,0,0
2,54,44839,2
19,0,0,0
6,22,103418,1
20,61,53925,2
5,0,86549,0
11,31,41597,1
8,0,0,0
8,34,107259,1
14,22,108095,1
9,0,119560,0
17,51,38416,2
12,53,33555,2
6,0,0,0
13,23,119418,1
7,24,71194,1
16,40,97630,2
11,64,37843,2
14,45,75045,2
8,53,68031,2
20,54,45051,2
6,61,65530,2
4,22,95924,1
5,41,0,0
15,59,61974,2
12,16,158665,1
6,28,51727,1
14,31,92598,1
14,0,109687,0
20,22,37524,2
6,41,72312,2
19,0,37473,0
18,47,46671,2
16,48,114348,2
19,70,79632,2
5,16,32350,2
3,57,48506,2
18,58,146270,2
1,61,0,0
19,36,94938,1
4,69,102688,2
6,37,57499,1
1,0,0,0
18,48,112646,2
19,42,62561,2
14,0,60554,0
3,0,82418,0
14,49,0,0
2,28,32458,2
10,46,0,0
3,29,111773,1
3,37,101501,1
19,38,107400,1
1,16,159993,1
10,0,43711,0
2,0,43046,0
5,22,64120,1
15,64,77883,2
4,53,43803,2
20,70,0,0
8,25,87804,1
19,58,97853,2
14,24,89390,1
8,18,62443,1
14,67,0,0
15,62,56167,2
13,46,83899,2
8,0,0,0
8,34,108132,1
17,18,0,0
3,20,75456,1
15,0,102316,0
13,0,0,0
2,25,77272,1
14,20,99101,1
2,36,43210,1
14,38,0,0
4,64,70640,2
10,38,0,0
19,0,110150,0
15,26,38970,2
15,63,0,0
8,22,38401,2
4,27,0,0
18,60,91705,2
9,45,0,0
17,63,34031,2
15,17,40555,1
20,54,114451,2
19,25,0,0
7,50,83268,2
15,69,113892,2
13,0,0,0
2,45,0,0
13,60,82736,2
7,60,0,0
13,16,0,0
15,57,81978,2
4,35,59672,1
5,33,76953,1
20,32,111333,1
20,60,115836,2
4,46,0,0
15,0,98849,0
13,70,32665,2
19,0,31565,0
17,0,51326,0
10,0,72322,0
14,61,0,0
4,0,79784,0
7,37,49166,1
1,65,0,0
9,32,93075,1
19,69,114495,2
8,33,43694,1
7,0,65865,0
7,26,0,0
9,0,111296,0
6,40,59456,2
7,0,45259,0
4,53,77537,2
9,43,112793,2
15,0,0,0
19,0,68798,0
8,51,60824,2
17,0,112698,0
1,34,47935,1
17,0,82196,0
2,24,36339,2
9,0,41512,0
7,28,96794,1
15,0,50993,0
18,51,86757,2
16,0,92105,0
18,0,107093,0
6,66,58603,2
18,43,77912,2
4,33,79709,1
20,23,53244,1
3,52,93562,2
14,0,60431,0
3,66,68970,2
17,47,59784,2
2,24,70917,1
19,45,87376,2
12,0,36110,0
1,27,74894,1
8,30,115351,1
5,70,52089,2
15,27,75564,1
7,42,107005,2
2,0,98033,0
3,57,107311,2
12,57,100845,2
20,50,0,0
16,38,0,0
2,67,47722,2
1,22,50200,1
12,68,59639,2
12,47,0,0
20,34,93015,1
19,64,109125,2
4,43,0,0
11,18,77948,1
14,56,92900,2
18,29,65812,1
16,0,83677,0
4,22,0,0
9,19,103368,1
13,35,67572,1
14,52,0,0
11,50,98710,2
15,43,102447,2
18,67,0,0
19,50,96316,2
17,60,78396,2
3,0,0,0
7,35,0,0
5,49,42178,2
3,66,167515,2
14,67,92063,2
7,47,108525,2
13,79,44567,2
15,0,97837,0
7,0,83722,0
6,0,117932,0
17,68,62409,2
7,0,0,0
1,39,43041,1
4,29,111197,1
13,69,0,0
15,89,114400,2
15,64,35730,2
20,0,66448,0
5,69,109413,2
19,25,56698,1
3,30,33042,2
16,0,76470,0
19,25,112402,1
6,37,0,0
10,64,35062,2
2,53,97640,2
11,0,0,0
20,41,0,0
13,51,0,0
20,58,116518,2
12,27,96178,1
11,70,0,0
17,59,96899,2
11,43,71260,2
9,52,57552,2
6,48,56316,2
17,20,43376,1
8,62,56732,2
1,41,42107,2
9,69,40123,2
4,63,54390,2
17,55,108410,2
17,61,36568,2
15,0,100013,0
17,67,109160,2
10,56,80968,2
15,38,70134,1
12,0,33694,0
15,16,50572,1
17,44,52111,2
9,70,37620,2
12,35,104722,1
20,0,104748,0
6,21,33315,2
18,25,0,0
2,18,104787,1
2,21,115935,1
18,42,0,0
13,53,59012,2
2,31,88328,1
4,52,30105,2
5,0,114671,0
1,67,96420,2
9,50,0,0
11,70,0,0
5,0,0,0
12,35,98412,1
12,0,39649,0
12,58,32465,2
17,21,113736,1
12,21,116587,1
9,0,38945,0
18,0,124674,0
12,60,49739,2
5,28,0,0
13,0,103851,0
12,0,0,0
11,0,103868,0
5,27,0,0
1,49,51125,2
10,30,65641,1
20,34,0,0
14,26,114482,1
20,73,49902,2
13,50,0,0
10,34,0,0
2,41,72231,2
18,0,31906,0
20,56,79922,2
6,0,32630,0
20,0,69800,0
2,58,0,0
8,33,93863,1
5,67,0,0
16,67,66483,2
5,53,80457,2
18,0,67538,0
15,55,0,0
5,63,103921,2
5,45,70040,2
18,0,78130,0
11,48,0,0
13,0,91485,0
6,37,74058,1
2,0,44074,0
20,59,60405,2
18,0,0,0
17,0,31711,0
18,0,76357,0
19,52,0,0
8,0,0,0
10,37,73906,1
11,41,119727,2
12,38,0,0
19,0,0,0
14,50,82632,2
5,21,105741,1
14,38,102404,1
8,35,107302,1
9,30,148113,1
2,41,67528,2
19,0,102150,0
12,20,112133,1
1,51,93140,2
19,60,99467,2
1,30,118357,1
1,46,131074,2
9,0,119424,0
7,0,117955,0
7,61,114331,2
3,20,0,0
11,57,65797,2
20,30,92982,1
9,17,0,0
9,42,103699,2
19,0,67346,0
14,0,0,0
3,66,43290,2
6,19,0,0
8,0,120387,0
2,0,93196,0
6,0,43105,0
2,0,62340,0
13,50,0,0
3,0,110271,0
3,34,105057,1
4,30,0,0
3,25,0,0
1,0,56515,0
20,21,93021,1
3,55,0,0
15,32,110256,1
1,59,40527,2
17,39,0,0
10,85,49719,2
18,36,43508,1
13,0,101568,0
19,27,31110,2
14,0,91936,0
18,20,90722,1
2,21,99944,1
10,59,0,0
1,27,74928,1
1,39,0,0
12,20,0,0
13,26,67699,1
15,0,39062,0
13,0,75954,0
8,35,47612,1
18,53,74700,2
1,0,117109,0
6,61,40084,2
13,49,0,0
20,43,37456,2
20,64,0,0
2,37,57936,1
12,22,0,0
4,30,60154,1
10,0,61618,0
1,0,83222,0
4,54,106034,2
8,57,0,0
14,41,95483,2
1,24,0,0
10,48,32414,2
6,32,114470,1
7,41,46179,2
3,37,106383,1
4,66,91988,2
4,39,80835,1
20,27,64243,1
9,33,0,0
3,0,73292,0
2,53,50900,2
19,15,37888,2
19,62,0,0
18,23,82280,1
8,19,0,0
20,78,0,0
12,0,111556,0
15,45,63980,2
18,0,57100,0
4,54,60372,2
2,58,43931,2
16,29,40829,1
13,0,85042,0
4,58,37224,2
4,51,61061,2
5,17,76821,1
15,21,86512,1
17,54,105853,2
11,47,116235,2
6,32,108038,1
1,0,0,0
16,57,69811,2
13,66,37065,2
5,61,40667,2
17,60,0,0
14,0,0,0
17,31,77514,1
9,31,99028,1
9,20,114125,1
7,62,110539,2
14,69,0,0
8,0,34965,0
14,52,108816,2
10,41,0,0
18,44,40981,2
7,65,36719,2
4,67,93069,2
17,24,0,0
4,20,96149,1
6,32,0,0
19,68,34244,2
16,60,85909,2
14,62,72992,2
11,57,59216,2
17,24,31005,2
7,0,41680,0
5,0,80807,0
19,51,65595,2
3,48,112700,2
11,23,80307,1
10,70,92504,2
17,58,41733,2
18,29,45852,1
3,19,101062,1
10,66,96817,2
12,51,73588,2
6,19,86963,1
4,49,46782,2
16,22,106813,1
10,48,0,0
16,67,30861,2
1,46,117294,2
1,29,93106,1
5,70,118547,2
1,44,0,0
14,24,73609,1
1,40,51841,2
11,44,0,0
5,0,104696,0
15,0,55913,0
1,25,77408,1
1,36,33685,2
17,0,77994,0
18,34,99302,1
15,68,71363,2
17,33,102691,1
3,27,49428,1
10,0,62094,0
19,57,59797,2
19,36,52409,1
7,35,80483,1
10,64,41996,2
13,61,77468,2
11,0,0,0
7,58,166689,2
15,41,61485,2
11,36,43043,1
16,67,0,0
4,24,61331,1
7,0,43453,0
1,63,0,0
17,23,119470,1
1,44,111172,2
14,32,94018,1
7,68,31898,2
9,46,33265,2
16,23,61619,1
19,35,0,0
11,60,75265,2
8,57,0,0
18,65,0,0
17,61,0,0
11,35,63182,1
16,55,105351,2
19,0,58075,0
10,30,99053,1
1,21,39214,2
18,48,0,0
12,24,61195,1
4,40,63769,2
17,0,0,0
1,63,109045,2
18,42,85235,2
11,24,64880,1
13,52,86224,2
19,46,42504,2
19,33,58522,1
2,0,0,0
11,31,93915,1
10,0,38948,0
7,38,0,0
7,42,105870,2
20,69,0,0
12,19,0,0
14,40,68330,2
18,59,58515,2
2,48,26719,2
12,39,75703,1
8,50,79069,2
19,0,32271,0
9,24,91801,1
5,29,49594,1
9,47,66838,2
18,0,119692,0
19,0,78444,0
2,63,47587,2
9,41,98709,2
8,43,0,0
10,40,70100,2
20,66,122573,2
11,0,115699,0
19,67,102977,2
7,55,84184,2
9,22,54894,1
18,64,0,0
2,46,41175,2
3,22,72527,1
14,27,84503,1
5,51,62064,2
7,0,97500,0
10,69,31966,2
7,0,0,0
15,0,54816,0
9,0,45061,0
20,25,75037,1
19,32,30707,2
19,40,61261,2
5,33,40943,1
3,23,0,0
17,67,58217,2
12,49,89488,2
15,31,56432,1
2,71,69427,2
11,69,121231,2
19,37,118716,1
10,49,67053,2
14,35,96158,1
18,30,83849,1
1,0,130436,0
1,32,53165,1
3,47,77481,2
2,0,0,0
14,0,70743,0
4,24,54290,1
12,0,49904,0
16,52,117596,2
1,34,0,0
18,35,59658,1
17,60,92698,2
19,53,69100,2
5,35,94897,1
5,23,0,0
12,52,0,0
3,68,62024,2
3,54,48516,2
16,57,111196,2
19,34,59672,1
11,26,89890,1
16,31,44850,1
3,50,39837,2
19,55,35938,2
19,26,118017,1
1,49,0,0
10,35,54194,1
8,24,0,0
1,29,0,0
12,0,40615,0
8,53,38651,2
17,29,80762,1
6,25,118116,1
5,23,72025,1
6,64,0,0
3,16,79915,1
14,43,103169,2
16,44,93511,2
2,62,110852,2
16,38,43808,1
13,70,0,0
2,67,96730,2
2,0,34808,0
13,0,83507,0
15,36,0,0
8,55,39121,2
11,0,40495,0
14,20,68878,1
14,57,93132,2
6,70,93626,2
4,0,106643,0
19,26,87005,1
3,55,33945,2
9,45,0,0
2,31,103623,1
14,62,117903,2
6,29,88140,1
14,27,88901,1
14,42,52271,2
17,48,94955,2
20,61,54735,2
15,0,93490,0
6,0,48610,0
18,33,116494,1
18,51,33943,2
4,40,0,0
3,32,0,0
14,49,0,0
1,53,0,0
18,28,52743,1
16,32,32499,2
13,33,109112,1
10,34,106155,1
15,58,0,0
9,60,70365,2
15,52,77796,2
10,34,87763,1
19,30,43209,1
20,34,112579,1
8,54,86649,2
7,32,46076,1
20,57,0,0
8,0,101337,0
17,0,0,0
17,0,114056,0
17,20,0,0
15,47,0,0
16,20,101962,1
6,0,0,0
12,46,83096,2
3,16,0,0
6,47,0,0
15,22,0,0
13,66,68137,2
19,70,65335,2
16,49,107466,2
16,49,0,0
5,23,105168,1
13,61,47429,2
6,37,0,0
19,32,69597,1
16,0,38077,0
13,67,50143,2
3,33,0,0
9,44,33686,2
14,53,118767,2
2,45,38017,2
17,0,0,0
20,57,72311,2
9,37,45957,1
2,18,155511,1
13,52,0,0
9,0,45485,0
12,19,125356,1
10,50,117886,2
17,69,109957,2
5,41,156285,2
17,0,83533,0
4,0,60817,0
14,0,48917,0
7,30,63783,1
2,60,66639,2
18,43,56596,2
11,0,48797,0
14,28,0,0
5,50,136262,2
16,40,74233,2
9,35,100221,1
6,40,104275,2
13,63,0,0
11,27,92926,1
16,70,58927,2
9,0,47603,0
20,78,0,0
10,23,54333,1
1,0,114193,0
8,0,85334,0
9,0,0,0
9,34,71946,1
11,48,59321,2
10,17,65093,1
12,0,85260,0
16,67,115012,2
6,25,112838,1
19,0,49947,0
15,40,84659,2
6,64,0,0
2,43,43030,2
9,54,69126,2
7,55,103332,2
6,59,74039,2
7,33,34375,2
14,67,50697,2
11,63,50705,2
18,0,145489,0
2,0,73554,0
3,0,64876,0
3,67,97910,2
18,24,0,0
2,0,0,0
3,0,37241,0
6,0,31083,0
5,0,0,0
11,39,53144,1
11,23,56534,1
15,61,91440,2
5,0,31060,0
15,28,99365,1
19,41,49597,2
9,36,0,0
7,49,0,0
14,60,97999,2
1,0,79897,0
11,16,0,0
5,42,47221,2
11,0,123131,0
17,18,0,0
10,42,39053,2
14,57,53304,2
6,0,0,0
2,0,47015,0
3,0,82341,0
9,54,104425,2
7,0,0,0
20,28,113830,1
19,56,0,0
14,40,0,0
19,0,0,0
16,20,100127,1
14,0,58809,0
11,69,30704,2
19,24,0,0
6,54,93927,2
17,40,0,0
10,24,35557,2
14,72,36480,2
17,32,0,0
7,58,92815,2
12,47,36283,2
3,20,94590,1
4,37,48923,1
14,45,66261,2
7,0,41091,0
7,31,51509,1
10,0,0,0
20,23,41157,1
18,0,38124,0
12,18,32968,2
3,51,0,0
10,50,119083,2
11,18,0,0
9,22,63988,1
3,0,122615,0
1,57,33079,2
1,61,71411,2
1,34,0,0
14,22,43674,1
11,21,0,0
7,32,35583,2
19,41,71090,2
10,0,82834,0
4,41,30906,2
3,63,105455,2
7,23,105707,1
19,27,34015,2
3,54,54038,2
11,64,0,0
19,0,43527,0
5,27,43293,1
20,50,96170,2
2,50,71827,2
10,42,68646,2
1,40,62941,2
8,65,0,0
11,35,64471,1
13,45,105268,2
3,42,38011,2
2,26,59449,1
2,0,69450,0
19,69,73310,2
19,28,51460,1
5,0,0,0
16,32,0,0
19,0,97476,0
10,49,42100,2
16,70,54186,2
18,18,101920,1
6,0,104458,0
15,38,38569,2
12,33,46351,1
18,33,0,0
17,31,60388,1
9,59,112844,2
19,30,50836,1
6,0,43571,0
15,0,90840,0
8,29,115076,1
2,28,0,0
1,28,95616,1
15,0,0,0
6,23,0,0
18,0,61672,0
2,32,106300,1
11,32,0,0
10,24,62971,1
8,51,103418,2
4,32,93942,1
14,41,87593,2
7,0,82321,0
10,0,86944,0
9,61,81519,2
9,42,42016,2
18,51,0,0
14,29,58500,1
11,0,36455,0
4,73,69357,2
7,0,31988,0
20,21,119956,1
16,0,0,0
18,21,76382,1
19,0,48447,0
8,0,0,0
19,16,105854,1
4,0,21313,0
12,32,52274,1
6,52,118769,2
10,17,0,0
18,41,86392,2
6,50,52941,2
14,31,0,0
6,24,0,0
4,47,72118,2
9,0,0,0
15,23,100408,1
4,62,0,0
3,70,59941,2
14,19,116699,1
5,22,109039,1
7,34,41732,1
18,36,35369,2
10,31,85446,1
9,52,0,0
20,49,117746,2
12,0,0,0
14,41,84961,2
6,34,0,0
7,0,0,0
11,66,0,0
4,57,39880,2
6,47,53136,2
5,59,110171,2
15,53,75489,2
5,0,0,0
18,24,114873,1
16,33,51406,1
5,67,68047,2
18,0,100417,0
11,27,116402,1
4,16,99730,1
15,42,75332,2
17,55,0,0
4,19,55897,1
5,43,159800,2
14,25,48511,1
8,70,83024,2
14,0,65240,0
11,52,0,0
11,26,35346,2
11,0,118042,0
19,32,57875,1
7,16,97348,1
18,19,74415,1
18,89,56374,2
3,31,72659,1
16,63,102172,2
6,0,104306,0
13,75,96474,2
6,31,63732,1
17,68,108238,2
10,0,74505,0
7,47,59059,2
7,51,57691,2
13,49,48254,2
16,0,74834,0
2,50,94497,2
8,49,0,0
3,53,55929,2
2,0,63600,0
15,16,92199,1
14,35,46109,1
4,39,0,0
18,64,0,0
14,24,62326,1
3,33,56931,1
12,43,64793,2
13,66,60520,2
5,35,0,0
16,62,85826,2
3,65,72787,2
10,52,90148,2
13,45,0,0
3,42,84797,2
9,48,119226,2
19,44,135685,2
6,42,116402,2
14,0,94997,0
11,42,116188,2
8,54,95253,2
15,0,56627,0
13,37,74794,1
14,51,115328,2
18,0,42908,0
18,57,0,0
16,0,0,0
7,37,104698,1
7,38,118966,1
10,69,149310,2
9,70,0,0
9,70,166976,2
14,0,0,0
5,66,97471,2
6,28,45055,1
13,0,102644,0
19,41,110807,2
15,60,42917,2
10,67,65945,2
3,24,55444,1
12,62,109401,2
12,29,94208,1
3,0,0,0
3,26,0,0
16,59,0,0
20,44,91010,2
18,68,111817,2
13,25,85988,1
11,51,81550,2
4,50,102726,2
9,67,115254,2
4,42,85128,2
10,41,84548,2
20,35,0,0
8,0,31568,0
14,19,109861,1
2,20,0,0
13,50,41375,2
16,33,0,0
7,62,137699,2
4,47,86963,2
3,66,33521,2
18,0,59086,0
3,0,35921,0
17,64,77189,2
12,0,62154,0
20,62,0,0
7,67,117703,2
2,0,75948,0
19,56,63295,2
2,16,66047,1
17,19,37576,2
14,17,0,0
20,38,33042,2
11,24,0,0
2,36,0,0
8,64,64292,2
9,20,112547,1
12,49,119550,2
20,45,0,0
6,52,105893,2
16,58,58735,2
20,0,107171,0
17,29,0,0
8,66,48629,2
11,0,54147,0
6,36,37858,2
12,0,100757,0
20,0,59943,0
2,30,0,0
19,0,0,0
5,16,71087,1
18,35,36703,2
6,0,35896,0
5,37,115096,1
8,0,71601,0
2,70,65247,2
5,19,57095,1
4,0,0,0
3,34,53418,1
11,59,42154,2
10,0,40604,0
18,65,61350,2
15,55,106472,2
6,63,67771,2
14,24,63559,1
15,0,0,0
3,24,57231,1
12,47,74850,2
14,38,0,0
18,24,0,0
11,57,0,0
5,52,70311,2
6,29,47026,1
2,68,68289,2
11,0,100514,0
5,22,36718,2
5,42,45444,2
2,38,30798,2
18,0,0,0
13,24,96012,1
19,42,0,0
16,0,65502,0
4,44,107802,2
5,29,119872,1
3,47,113917,2
8,54,40615,2
13,62,59912,2
17,48,33406,2
2,20,0,0
11,0,33211,0
2,65,114696,2
20,31,57227,1
16,39,90920,1
18,38,117419,1
9,53,0,0
15,23,80367,1
7,65,107051,2
7,30,118233,1
8,74,84931,2
14,26,98117,1
13,33,72241,1
10,48,51319,2
20,17,115632,1
6,62,0,0
3,26,69193,1
7,48,92501,2
14,65,65559,2
11,50,84811,2
4,11,117291,1
5,39,70530,1
16,0,24077,0
14,22,106759,1
14,56,83949,2
2,0,56217,0
14,51,44440,2
7,31,81293,1
12,17,46045,1
12,83,77327,2
12,20,103069,1
8,31,45521,1
5,0,0,0
11,37,95652,1
4,63,0,0
12,34,102710,1
20,56,53571,2
16,52,56590,2
4,60,144906,2
3,27,80612,1
14,37,101502,1
20,0,164826,0
2,61,105722,2
20,0,99760,0
1,19,0,0
8,0,52389,0
1,0,0,0
2,48,100713,2
10,32,50609,1
1,58,38780,2
5,46,115643,2
1,22,108185,1
14,0,67034,0
3,68,41431,2
11,58,59944,2
7,69,64300,2
16,74,107715,2
13,42,65737,2
12,0,77640,0
18,0,85147,0
2,50,0,0
10,47,84706,2
10,19,51328,1
11,31,136062,1
16,32,70015,1
13,39,116759,1
9,70,51437,2
5,25,72771,1
19,17,109871,1
5,60,0,0
18,31,89615,1
13,47,48082,2
3,66,37251,2
5,35,64334,1
12,0,60349,0
9,23,78884,1
5,22,59998,1
16,0,0,0
15,16,112181,1
12,30,119832,1
7,0,106128,0
2,28,97577,1
17,0,41852,0
8,52,54369,2
1,67,63985,2
10,60,0,0
15,0,41773,0
13,35,80587,1
13,64,45201,2
12,25,47756,1
14,0,68978,0
17,0,95131,0
17,26,40128,1
6,38,51449,1
15,26,95114,1
10,31,82239,1
9,0,110104,0
19,24,105660,1
8,45,90468,2
16,67,73244,2
13,0,68249,0
4,0,35471,0
16,57,73351,2
8,55,50607,2
3,63,111198,2
17,50,108121,2
20,33,71713,1
2,26,79263,1
14,48,92522,2
11,29,0,0
2,75,59303,2
17,31,74991,1
3,43,169220,2
19,50,105957,2
9,33,106303,1
8,58,0,0
2,30,96564,1
2,26,0,0
9,57,44634,2
17,0,73541,0
1,21,0,0
9,30,0,0
13,0,0,0
13,20,66042,1
17,18,117853,1
15,33,87065,1
19,38,0,0
10,61,53680,2
8,0,0,0
4,61,30980,2
14,67,56400,2
5,38,39461,2
13,59,41153,2
20,64,35803,2
1,0,78764,0
13,42,0,0
10,34,0,0
12,68,48864,2
16,31,52419,1
4,25,69073,1
11,47,0,0
18,18,0,0
10,32,0,0
15,35,116418,1
8,65,31029,2
10,51,120199,2
10,42,56813,2
11,35,68775,1
12,58,60523,2
5,42,101107,2
9,43,65200,2
6,56,91165,2
19,0,151112,0
9,0,50409,0
4,0,84900,0
5,18,72079,1
17,69,0,0
6,51,0,0
5,0,90133,0
18,0,0,0
17,66,115557,2
19,24,117909,1
5,21,95661,1
1,41,41372,2
2,0,34876,0
14,37,0,0
2,40,43110,2
4,61,0,0
18,0,81914,0
10,70,32227,2
4,58,33303,2
7,31,116839,1
5,49,67879,2
5,0,107858,0
4,66,96537,2
13,21,0,0
3,55,36687,2
11,16,109532,1
19,0,0,0
17,0,110292,0
6,0,99143,0
15,27,36889,2
9,57,61672,2
17,35,91728,1
19,0,41474,0
3,54,94658,2
6,46,69332,2
17,60,88230,2
6,30,54826,1
17,70,44138,2
7,53,74107,2
8,0,79878,0
4,69,85850,2
14,37,104748,1
16,22,155864,1
11,48,59046,2
20,0,58889,0
1,43,46509,2
4,64,34030,2
5,0,76602,0
2,0,104681,0
18,0,0,0
17,0,94881,0
4,60,81118,2
3,0,31924,0
20,27,39098,2
13,65,117865,2
15,31,65244,1
4,49,132547,2
1,40,85342,2
1,0,85579,0
14,28,0,0
12,0,36982,0
12,28,77752,1
16,54,41024,2
1,58,78549,2
15,42,0,0
2,29,48673,1
4,0,67108,0
1,59,80047,2
7,20,92412,1
12,23,0,0
11,27,68375,1
8,68,73709,2
20,43,76861,2
14,67,0,0
10,38,0,0
2,33,114986,1
15,52,98033,2
3,68,37192,2
15,46,109483,2
17,19,90684,1
6,25,0,0
1,40,0,0
4,36,0,0
11,37,49796,1
8,36,37715,2
8,0,107255,0
13,25,61170,1
8,22,85482,1
4,44,76618,2
15,42,68337,2
12,47,49960,2
6,48,0,0
8,0,81973,0
8,31,58526,1
19,43,89834,2
10,24,78522,1
20,68,101143,2
9,48,0,0
20,0,99452,0
17,39,59488,1
5,50,96290,2
17,0,38459,0
8,52,0,0
18,61,48903,2
16,64,41662,2
8,27,86602,1
10,0,80396,0
12,22,39599,2
19,20,50739,1
6,49,78890,2
6,39,130821,1
16,29,97053,1
19,0,108538,0
20,41,35810,2
11,68,0,0
11,0,0,0
7,55,80179,2
11,46,0,0
15,30,31917,2
20,0,102866,0
16,18,133003,1
2,0,100019,0
15,63,70099,2
11,29,104590,1
15,0,49376,0
19,0,60387,0
8,36,94028,1
9,22,54279,1
5,59,52852,2
5,0,0,0
11,0,112579,0
7,28,91749,1
5,21,104637,1
17,26,94570,1
15,58,99479,2
13,34,0,0
16,35,79932,1
6,0,98082,0
11,0,0,0
2,0,64133,0
3,37,46703,1
1,36,0,0
15,59,99886,2
4,29,60309,1
13,22,0,0
20,32,69995,1
8,0,102627,0
3,68,58036,2
18,63,33200,2
2,63,65718,2
8,31,47444,1
1,18,33169,2
2,44,0,0
20,0,44787,0
16,0,63070,0
4,26,79952,1
10,0,86954,0
2,55,55834,2
19,18,0,0
8,35,111175,1
19,67,97396,2
17,27,0,0
17,64,44654,2
8,17,72587,1
2,68,0,0
14,62,39991,2
16,0,0,0
3,23,51306,1
18,0,85919,0
7,39,117472,1
16,25,0,0
19,60,53350,2
17,0,0,0
11,0,39078,0
6,26,0,0
4,21,98919,1
12,63,109122,2
4,31,50455,1
6,37,38854,2
17,59,43351,2
1,40,55608,2
12,13,115411,1
4,48,0,0
8,24,0,0
20,48,86631,2
1,41,97520,2
3,61,0,0
5,48,52338,2
9,55,91482,2
16,0,92801,0
10,44,59930,2
8,64,63588,2
16,56,94862,2
11,33,114343,1
18,63,42419,2
14,40,102201,2
15,47,100271,2
14,66,67447,2
10,56,117356,2
3,50,0,0
11,50,59671,2
2,47,111866,2
1,36,117013,1
7,0,129699,0
10,18,0,0
1,40,117247,2
5,36,59542,1
17,45,97121,2
1,60,39110,2
2,60,0,0
3,20,90160,1
19,25,86900,1
6,24,0,0
12,25,102982,1
3,20,100174,1
4,49,125366,2
3,50,74590,2
12,56,118803,2
20,17,0,0
2,22,0,0
3,16,80783,1
14,27,0,0
2,33,72335,1
18,22,0,0
17,60,0,0
16,0,0,0
4,56,83398,2
8,47,115475,2
13,0,94822,0
1,0,0,0
9,25,93539,1
5,21,0,0
19,26,39222,2
1,69,50243,2
15,18,0,0
9,38,68418,1
15,0,0,0
12,23,113178,1
10,27,55304,1
14,0,55848,0
18,44,45276,2
19,54,68290,2
2,47,70249,2
11,35,57645,1
15,26,70241,1
11,0,0,0
8,22,55327,1
18,30,70676,1
13,57,78608,2
8,61,61383,2
3,0,0,0
11,22,54268,1
2,48,55748,2
17,0,59137,0
11,0,101020,0
14,53,43612,2
1,42,0,0
18,37,105840,1
12,23,0,0
14,0,0,0
16,0,0,0
11,70,93435,2
3,44,57661,2
9,38,112031,1
7,0,46573,0
14,60,31323,2
20,62,39308,2
7,55,116380,2
17,0,52952,0
1,69,0,0
18,69,70367,2
13,0,0,0
1,32,118535,1
14,62,114548,2
4,37,69758,1
17,63,82244,2
20,0,0,0
4,38,0,0
7,65,71259,2
12,60,38970,2
3,55,86342,2
6,17,0,0
12,70,0,0
12,0,44403,0
19,30,126964,1
2,42,89488,2
20,39,68082,1
1,0,37053,0
14,35,93815,1
17,47,0,0
12,61,106777,2
13,29,61728,1
2,33,103433,1
14,47,0,0
1,42,39006,2
20,47,0,0
11,56,0,0
18,24,107375,1
5,53,77270,2
5,26,0,0
18,62,66580,2
4,19,103964,1
5,0,83031,0
13,70,62663,2
11,68,39840,2
9,56,109618,2
13,37,89546,1
17,0,106392,0
15,55,68625,2
3,0,0,0
11,65,60638,2
9,70,0,0
6,42,0,0
2,59,85136,2
11,33,115996,1
15,39,0,0
19,0,85240,0
13,24,99333,1
5,33,68071,1
16,0,110740,0
6,56,51214,2
17,49,96169,2
12,16,52627,1
18,40,52530,2
13,28,63926,1
8,37,59470,1
7,56,36843,2
1,29,82899,1
3,47,40394,2
4,59,0,0
3,34,78143,1
1,0,57564,0
18,21,0,0
15,62,54261,2
3,49,104903,2
6,0,107972,0
2,19,45644,1
9,17,99738,1
15,51,70289,2
10,28,42214,1
17,0,0,0
7,58,48933,2
1,0,67398,0
8,61,0,0
1,54,79082,2
5,69,95676,2
6,0,60092,0
12,40,72810,2
9,19,68716,1
3,37,71205,1
4,47,100938,2
15,0,42740,0
20,44,59470,2
17,0,128109,0
9,43,0,0
13,18,108218,1
6,69,84944,2
18,27,52035,1
13,47,0,0
10,46,43510,2
4,43,84394,2
16,26,49501,1
17,21,0,0
17,0,76256,0
4,21,0,0
11,62,32832,2
20,47,105522,2
20,0,39045,0
15,0,0,0
6,41,68148,2
15,0,106299,0
15,16,116914,1
16,78,72361,2
12,54,50836,2
12,57,0,0
17,23,0,0
20,50,0,0
14,69,158336,2
16,0,67000,0
10,23,119011,1
13,26,81076,1
8,20,99250,1
11,65,76275,2
20,0,0,0
6,49,0,0
20,0,88218,0
6,39,66352,1
9,40,62271,2
8,58,0,0
6,21,0,0
5,17,83415,1
11,22,0,0
3,48,45796,2
18,53,56959,2
11,0,0,0
10,38,43726,1
2,0,113645,0
18,63,0,0
1,65,74550,2
8,0,47885,0
14,38,36352,2
18,0,0,0
7,23,70005,1
6,37,79308,1
17,38,91030,1
16,67,0,0
7,29,0,0
6,0,87719,0
16,47,85714,2
16,65,0,0
3,70,0,0
4,0,73004,0
5,37,44712,1
17,0,38353,0
12,48,68612,2
19,56,59012,2
15,67,86250,2
5,34,43247,1
19,61,82569,2
6,44,47369,2
15,24,108529,1
13,45,56479,2
2,25,0,0
3,17,79085,1
16,0,54152,0
10,67,118434,2
6,40,102099,2
14,19,94152,1
18,63,46593,2
7,58,80879,2
4,0,0,0
14,49,97035,2
17,30,87056,1
5,38,0,0
8,29,67874,1
1,50,116849,2
5,0,65241,0
17,54,126759,2
1,0,80289,0
13,51,56930,2
8,51,114412,2
4,64,48586,2
4,67,51534,2
12,69,91593,2
11,54,51124,2
18,63,0,0
4,0,43456,0
3,70,0,0
4,18,28413,2
8,0,85139,0
4,42,0,0
15,37,0,0
11,28,89551,1
20,41,78959,2
2,0,100874,0
14,37,38155,2
8,42,69429,2
6,20,0,0
3,48,63691,2
17,43,88698,2
20,54,86315,2
15,29,0,0
17,0,0,0
20,0,58123,0
10,65,53179,2
10,26,113895,1
15,55,0,0
8,30,73875,1
19,22,0,0
14,28,60236,1
11,46,40565,2
9,26,46457,1
6,50,0,0
15,38,45093,1
2,0,56491,0
4,0,48278,0
9,18,0,0
15,44,0,0
19,25,68128,1
14,19,64103,1
2,62,70955,2
6,21,104416,1
17,0,51338,0
6,55,0,0
5,20,0,0
1,19,128572,1
14,39,52661,1
3,0,115106,0
17,46,76504,2
13,47,57570,2
19,46,76711,2
20,0,113147,0
15,64,60361,2
7,65,0,0
2,44,86320,2
20,70,30034,2
16,0,34554,0
1,16,45791,1
9,58,38637,2
14,41,0,0
8,63,0,0
7,28,0,0
2,63,33137,2
18,64,37030,2
16,0,32818,0
16,25,45839,1
18,35,0,0
17,55,94686,2
6,52,117309,2
14,65,87664,2
14,20,89976,1
8,45,51693,2
7,35,77123,1
16,0,97584,0
7,45,0,0
20,40,0,0
19,37,0,0
4,29,45986,1
10,72,30636,2
7,31,77725,1
16,48,42467,2
13,66,83943,2
16,67,45839,2
11,0,61883,0
1,0,0,0
4,28,30738,2
3,25,86008,1
11,44,97402,2
6,29,90999,1
15,34,60187,1
4,57,100725,2
3,50,0,0
3,0,87410,0
4,21,59996,1
16,26,45990,1
19,16,65421,1
13,29,0,0
8,67,71536,2
14,43,115751,2
11,34,116983,1
7,50,73198,2
7,21,56856,1
7,20,91045,1
16,65,35975,2
3,26,0,0
15,16,114396,1
19,31,132520,1
8,43,36983,2
3,0,103483,0
9,0,69267,0
3,34,37198,2
18,20,0,0
15,0,0,0
4,47,101654,2
9,0,117185,0
18,23,0,0
1,66,55249,2
17,48,101954,2
6,70,91583,2
3,51,65703,2
11,52,77089,2
6,68,91254,2
15,52,30355,2
6,36,81510,1
17,33,0,0
19,46,72972,2
6,47,101996,2
19,0,0,0
15,25,0,0
20,0,34003,0
3,56,108638,2
18,20,0,0
15,0,49509,0
6,63,90780,2
13,27,0,0
17,53,0,0
2,47,0,0
19,42,118123,2
14,34,84203,1
6,40,80611,2
9,31,41199,1
2,51,27915,2
2,21,36869,2
7,29,119543,1
18,36,0,0
15,39,106774,1
11,0,102464,0
9,48,67889,2
16,53,92817,2
8,60,64649,2
1,42,98441,2
13,0,103318,0
10,36,106724,1
11,28,73738,1
20,64,45011,2
18,25,68125,1
15,49,90883,2
9,52,105237,2
13,59,39897,2
19,70,0,0
9,24,0,0
12,68,84793,2
3,70,66018,2
6,63,119025,2
2,70,47467,2
7,65,79090,2
7,29,52269,1
7,0,81115,0
4,30,45530,1
9,49,46216,2
16,37,115968,1
17,0,75730,0
3,0,70996,0
16,39,43723,1
14,29,103870,1
6,48,95614,2
17,42,101535,2
18,41,67862,2
2,55,94688,2
9,38,50525,1
20,48,32897,2
3,0,107558,0
1,17,109994,1
14,19,77412,1
4,65,0,0
17,55,0,0
4,0,48971,0
15,74,67522,2
6,53,86968,2
4,39,0,0
2,38,0,0
3,38,0,0
12,55,0,0
3,26,46675,1
2,52,90951,2
4,0,105793,0
19,63,45294,2
1,43,45384,2
20,64,115136,2
5,32,68015,1
9,39,90741,1
4,60,104266,2
2,47,61529,2
17,35,37740,2
2,35,98030,1
7,48,93894,2
19,54,0,0
18,0,93293,0
17,0,0,0
12,49,80455,2
4,0,0,0
2,52,0,0
19,68,54325,2
1,20,66083,1
1,50,35345,2
8,34,36133,2
12,43,89254,2
5,59,40494,2
18,52,76857,2
14,0,64390,0
1,58,48323,2
7,45,0,0
7,0,119190,0
11,33,83068,1
16,23,76191,1
6,66,53431,2
3,0,114038,0
2,70,76760,2
5,48,144952,2
8,0,74738,0
7,39,70959,1
15,0,44578,0
1,19,47565,1
10,23,35053,2
3,51,113784,2
18,50,100159,2
20,45,38716,2
16,21,0,0
17,39,0,0
10,49,0,0
4,53,97065,2
14,0,102506,0
8,35,34461,2
12,24,73535,1
14,53,86680,2
6,64,97587,2
10,26,54532,1
15,85,62944,2
6,53,55404,2
17,45,92042,2
19,52,72551,2
8,48,0,0
15,42,54937,2
10,32,52337,1
5,57,67556,2
17,61,44501,2
4,55,114317,2
11,52,119665,2
3,64,88170,2
12,70,83006,2
4,42,35323,2
1,64,87359,2
19,26,90859,1
14,55,75210,2
13,48,0,0
13,56,53657,2
13,48,85655,2
9,17,0,0
16,0,45333,0
15,50,107015,2
15,0,0,0
6,24,83191,1
19,59,39613,2
16,0,76843,0
10,44,106907,2
1,59,39736,2
12,56,0,0
7,0,89204,0
16,31,66459,1
14,46,108461,2
10,63,64692,2
20,45,52795,2
19,56,103241,2
15,42,90651,2
13,68,0,0
7,29,0,0
7,27,0,0
14,0,31980,0
8,32,90206,1
10,22,94098,1
5,62,110062,2
20,54,0,0
10,47,103031,2
4,18,64213,1
4,0,71128,0
8,65,94276,2
7,53,115342,2
18,29,85351,1
14,27,0,0
10,68,0,0
2,33,0,0
15,70,79108,2
7,0,36399,0
12,15,63188,1
14,19,127384,1
18,32,62826,1
12,0,0,0
2,35,43300,1
16,21,87611,1
12,25,51570,1
16,0,43288,0
20,64,28766,2
3,57,93886,2
11,40,0,0
10,27,102043,1
13,23,110196,1
8,36,0,0
3,68,66310,2
12,0,82910,0
20,37,72160,1
19,34,62805,1
8,0,89496,0
8,19,112415,1
12,40,30290,2
18,33,46981,1
9,44,68037,2
9,47,31673,2
15,27,98506,1
16,47,45809,2
15,67,95281,2
9,25,61836,1
8,0,103652,0
9,33,59786,1
1,25,68567,1
17,33,47776,1
20,25,107559,1
11,0,108134,0
17,18,0,0
18,36,50514,1
16,0,78633,0
16,46,31290,2
5,55,0,0
18,0,104790,0
14,39,0,0
9,0,0,0
10,58,91941,2
19,66,42625,2
9,29,40393,1
20,29,54192,1
10,27,92698,1
3,59,0,0
12,0,0,0
4,0,77288,0
17,69,104856,2
3,28,107760,1
15,34,112375,1
13,0,0,0
14,47,43056,2
11,51,47801,2
5,69,112492,2
13,0,54143,0
14,29,35772,2
5,36,88206,1
16,32,103012,1
11,38,91859,1
19,66,99247,2
8,25,0,0
11,0,60353,0
15,55,111269,2
11,38,79901,1
12,0,70631,0
7,0,0,0
3,28,125573,1
11,0,64982,0
7,38,0,0
12,55,58216,2
13,56,0,0
2,0,84938,0
10,57,0,0
5,35,91803,1
1,22,42218,1
9,30,58790,1
10,39,45525,1
14,32,55132,1
1,37,67498,1
6,0,0,0
2,0,77284,0
9,0,77940,0
14,59,105965,2
13,0,0,0
10,58,94842,2
13,50,54063,2
18,22,117630,1
7,22,50593,1
2,49,0,0
16,49,94681,2
18,0,73630,0
13,0,74927,0
11,58,113638,2
6,54,63854,2
10,34,110558,1
6,51,0,0
19,69,32513,2
6,0,105529,0
19,0,57000,0
16,67,93647,2
19,63,80562,2
3,16,84322,1
3,44,108804,2
3,38,98552,1
9,49,91473,2
4,31,68792,1
12,43,39482,2
16,31,46540,1
10,0,129109,0
13,21,0,0
16,50,113683,2
16,66,112774,2
4,67,41189,2
8,29,111816,1
19,54,105086,2
8,48,62300,2
17,69,60172,2
12,59,67166,2
2,52,94536,2
6,55,83765,2
12,48,48507,2
17,19,61441,1
6,0,80584,0
13,0,74541,0
11,42,118406,2
15,35,31017,2
17,49,32016,2
14,54,62248,2
17,0,0,0
3,25,88811,1
15,68,30472,2
6,60,108995,2
12,40,91753,2
2,20,90793,1
1,0,93076,0
10,18,48649,1
3,68,0,0
3,52,112349,2
12,21,0,0
8,0,76131,0
12,70,0,0
3,21,92754,1
18,18,0,0
15,48,0,0
18,0,0,0
19,33,106421,1
12,33,64099,1
9,0,64106,0
3,0,50910,0
13,65,97926,2
8,62,61581,2
17,68,85543,2
3,37,73112,1
6,0,47023,0
2,19,60081,1
2,21,35754,2
2,50,0,0
19,59,97207,2
15,0,117890,0
1,17,0,0
13,0,114244,0
18,41,38724,2
1,61,66444,2
8,29,101185,1
2,34,55772,1
16,69,83649,2
12,0,67849,0
17,30,42883,1
14,16,113153,1
19,35,88730,1
11,54,138040,2
14,65,65804,2
6,37,82006,1
1,25,87931,1
18,63,60495,2
11,28,55993,1
14,47,79384,2
1,0,108522,0
16,70,91538,2
14,38,0,0
19,0,0,0
10,20,119309,1
17,67,95026,2
12,0,84915,0
20,0,136669,0
14,0,0,0
7,39,61830,1
2,65,0,0
14,65,88365,2
8,17,61273,1
14,59,40994,2
19,75,33484,2
9,0,84463,0
1,32,41324,1
15,58,0,0
12,54,93138,2
8,0,159912,0
10,46,80109,2
11,28,0,0
7,46,49407,2
15,48,42973,2
5,0,54614,0
6,49,96332,2
19,55,0,0
14,0,93604,0
17,0,60997,0
19,48,31613,2
3,27,0,0
9,69,74793,2
6,38,90422,1
20,0,0,0
4,0,43135,0
17,65,117222,2
20,0,46071,0
16,27,66794,1
10,28,0,0
15,0,144266,0
15,22,0,0
1,34,120627,1
1,0,87452,0
17,19,102672,1
4,0,0,0
7,42,82542,2
6,30,92398,1
10,38,40056,1
6,19,107255,1
8,45,49790,2
15,21,48768,1
4,18,98636,1
3,27,43993,1
5,49,92534,2
2,61,117629,2
15,35,98154,1
2,79,0,0
16,33,38081,2
6,56,104963,2
18,0,119344,0
13,27,0,0
12,28,68351,1
8,67,123308,2
17,48,107637,2
10,43,106508,2
5,57,36346,2
19,59,56157,2
14,26,112152,1
5,38,74222,1
3,0,95519,0
6,55,30680,2
13,0,82166,0
3,58,75355,2
11,18,39386,2
11,66,52773,2
19,0,87018,0
5,0,81897,0
8,43,0,0
17,47,76163,2
17,0,91972,0
11,50,110421,2
2,0,0,0
10,61,0,0
8,26,87949,1
9,59,138370,2
15,55,142825,2
13,22,47445,1
14,0,0,0
18,58,69486,2
1,0,65989,0
4,66,0,0
3,20,110343,1
20,37,47707,1
10,54,110133,2
14,41,87090,2
1,31,32830,2
9,55,0,0
5,38,0,0
9,0,107381,0
14,47,67588,2
19,52,89678,2
8,53,0,0
17,64,70868,2
11,61,0,0
18,58,0,0
15,16,44026,1
10,16,99405,1
7,11,93717,1
7,51,30569,2
1,21,45411,1
12,50,36133,2
6,34,75817,1
18,23,64643,1
16,60,77790,2
11,54,115662,2
10,20,54971,1
3,48,67359,2
8,54,84521,2
7,0,0,0
16,67,69034,2
19,0,97089,0
15,22,30086,2
14,0,72431,0
17,41,97921,2
13,43,115734,2
20,27,0,0
10,51,47526,2
2,82,114762,2
11,65,0,0
20,47,105074,2
20,67,118715,2
9,52,52730,2
12,40,115087,2
15,69,66894,2
10,0,116475,0
8,0,101377,0
6,62,43463,2
17,23,85297,1
12,61,104414,2
18,55,0,0
1,52,0,0
6,63,0,0
8,43,35010,2
10,40,67654,2
18,0,0,0
1,35,112201,1
20,32,80351,1
6,24,0,0
15,69,49922,2
13,64,87114,2
5,0,48827,0
20,63,119991,2
8,0,91810,0
19,65,123198,2
16,66,0,0
17,17,85777,1
1,39,91175,1
16,53,72474,2
4,66,91034,2
17,54,62701,2
19,0,110404,0
6,38,54302,1
18,37,32272,2
19,55,62359,2
18,55,45812,2
8,0,48385,0
12,44,37607,2
17,0,109956,0
6,0,0,0
7,20,59527,1
19,31,113964,1
1,0,0,0
4,20,57116,1
4,0,88176,0
2,0,0,0
15,21,0,0
5,42,0,0
4,0,0,0
15,58,50855,2
10,25,72907,1
3,30,0,0
16,53,100758,2
6,0,0,0
14,23,40678,1
2,19,70802,1
19,69,76702,2
15,64,69387,2
5,40,69084,2
20,49,39230,2
2,59,0,0
18,0,0,0
20,65,30389,2
5,60,37320,2
1,19,101183,1
4,44,55552,2
16,58,32350,2
10,59,33621,2
8,60,107054,2
18,45,119911,2
10,27,96907,1
14,26,57801,1
10,0,89087,0
6,0,107579,0
20,26,44261,1
3,63,51025,2
16,38,54133,1
7,0,66468,0
9,44,38862,2
14,50,85491,2
18,33,72915,1
4,29,48451,1
12,46,111308,2
10,30,86181,1
15,39,33643,2
1,45,91446,2
1,18,49012,1
6,24,55668,1
9,0,60430,0
1,0,107342,0
2,40,90479,2
15,21,96714,1
9,62,111212,2
18,58,39614,2
20,47,0,0
12,57,101627,2
14,70,90407,2
4,39,91028,1
9,49,52028,2
8,38,71476,1
7,21,50201,1
11,0,61348,0
10,19,61107,1
14,0,110749,0
18,0,0,0
4,25,40321,1
15,68,0,0
19,83,103419,2
19,63,0,0
12,47,72611,2
18,40,100714,2
19,43,0,0
1,40,103338,2
16,35,108555,1
17,18,75166,1
20,18,108663,1
6,17,119794,1
2,64,62250,2
2,66,35180,2
1,0,0,0
5,40,119163,2
15,57,92898,2
19,64,31698,2
8,42,82162,2
1,21,143110,1
13,49,78095,2
14,81,77411,2
12,74,0,0
16,38,37244,2
9,71,68111,2
5,57,74816,2
2,42,57798,2
15,0,107200,0
18,26,0,0
20,74,0,0
1,0,110004,0
11,0,66385,0
1,60,62437,2
18,61,95422,2
4,22,42281,1
13,22,75694,1
9,39,83991,1
1,37,73587,1
3,0,88077,0
14,0,83213,0
7,0,39022,0
2,47,36198,2
16,0,52425,0
15,37,166419,1
8,31,0,0
11,53,56600,2
3,70,126567,2
9,66,77652,2
8,40,0,0
3,0,101080,0
17,0,61529,0
13,0,0,0
19,53,66716,2
16,39,57976,1
8,60,36995,2
7,39,87202,1
2,56,98134,2
18,55,119635,2
14,49,105370,2
12,19,0,0
5,29,96142,1
2,44,37101,2
11,0,116042,0
8,0,61820,0
5,44,38843,2
9,35,0,0
6,46,86499,2
17,43,93192,2
18,25,58626,1
14,27,53865,1
7,28,30104,2
5,41,54998,2
4,21,79047,1
10,35,0,0
10,26,42710,1
19,64,96431,2
4,61,104715,2
18,64,66144,2
12,43,66503,2
1,34,59844,1
5,0,73292,0
17,0,0,0
20,68,0,0
14,40,101839,2
13,22,110483,1
6,56,105235,2
11,39,29296,2
4,19,109996,1
18,0,96898,0
16,60,50920,2
9,28,50524,1
16,40,46208,2
10,38,85431,1
2,23,48886,1
12,24,110384,1
11,17,62057,1
17,42,94738,2
19,67,103641,2
6,28,94522,1
9,41,118054,2
15,17,66772,1
3,50,85795,2
17,22,94082,1
20,28,0,0
2,0,67507,0
3,0,55009,0
6,73,67218,2
5,64,0,0
1,0,84312,0
2,0,0,0
9,0,0,0
17,0,117347,0
11,0,0,0
8,0,96525,0
3,28,73816,1
15,34,46875,1
17,37,86630,1
14,57,106086,2
9,0,0,0
10,40,76397,2
19,58,0,0
3,64,50725,2
12,0,102676,0
6,47,0,0
19,63,98119,2
10,17,79991,1
3,0,53176,0
12,53,44596,2
4,0,0,0
16,46,0,0
12,0,45878,0
3,19,110453,1
3,68,49806,2
1,53,81215,2
20,36,61715,1
1,58,121050,2
13,63,37267,2
12,49,89322,2
4,0,0,0
1,45,0,0
6,54,0,0
15,40,61295,2
16,31,44404,1
14,40,62815,2
14,32,32796,2
13,37,31393,2
7,65,92534,2
18,32,81288,1
8,54,117639,2
9,0,69339,0
4,25,79798,1
13,63,101161,2
4,0,35464,0
12,19,0,0
3,78,39293,2
4,16,42151,1
18,63,108376,2
10,54,0,0
19,36,81287,1
11,33,0,0
8,32,98710,1
15,31,84571,1
2,51,65163,2
19,63,83887,2
11,51,117250,2
14,0,65797,0
8,51,89185,2
6,63,0,0
13,0,118926,0
6,53,72264,2
6,0,50934,0
19,43,0,0
3,55,0,0
3,0,62993,0
20,56,0,0
1,60,57860,2
8,48,93473,2
5,0,90800,0
9,40,94313,2
2,54,53270,2
16,26,60612,1
18,68,0,0
14,52,116010,2
1,38,49350,1
6,53,0,0
18,0,59390,0
13,30,0,0
11,52,69371,2
14,48,74300,2
2,42,60590,2
20,56,58639,2
8,19,60761,1
13,0,88977,0
15,19,118455,1
9,61,59260,2
7,53,87786,2
9,0,45783,0
14,0,51871,0
8,0,64991,0
3,45,44302,2
16,69,116128,2
19,62,74849,2
1,0,113168,0
12,0,75442,0
20,17,105717,1
9,37,0,0
2,66,98976,2
14,26,103442,1
11,31,39559,2
15,34,144510,1
16,30,107696,1
9,25,0,0
2,53,67360,2
7,39,106424,1
14,34,44045,1
2,45,100047,2
7,63,0,0
8,37,81564,1
17,36,74827,1
16,21,113685,1
10,32,0,0
20,0,119055,0
2,43,0,0
11,54,51244,2
17,44,81083,2
17,68,68054,2
3,59,68468,2
18,27,51280,1
20,68,0,0
11,17,58897,1
20,22,62523,1
2,54,66594,2
13,62,87495,2
1,33,70907,1
12,65,0,0
9,0,0,0
15,0,96053,0
11,51,0,0
6,0,92996,0
20,56,113007,2
9,66,107856,2
20,38,69956,1
12,70,112116,2
16,22,95709,1
3,23,0,0
12,56,0,0
10,0,51443,0
2,58,96492,2
11,0,86371,0
7,62,0,0
16,0,125508,0
7,42,0,0
2,0,64007,0
7,49,62909,2
1,57,0,0
19,69,97922,2
14,42,59506,2
19,32,0,0
6,38,108497,1
19,24,104368,1
1,42,65543,2
10,22,58566,1
13,61,60176,2
19,0,108714,0
12,31,109336,1
16,62,43368,2
19,24,39180,2
11,23,37697,2
9,25,44870,1
4,0,91135,0
5,33,65012,1
12,23,0,0
13,0,41243,0
6,37,65837,1
5,22,75015,1
3,18,59172,1
19,22,95518,1
11,45,84328,2
18,0,62498,0
19,61,0,0
7,53,109152,2
8,21,114517,1
8,63,68023,2
4,68,82728,2
3,33,94738,1
7,18,80415,1
1,17,50249,1
1,66,0,0
2,0,64436,0
6,34,32684,2
1,54,45239,2
13,0,102953,0
20,34,52844,1
12,45,41611,2
1,65,44102,2
9,61,107898,2
7,31,67693,1
9,48,89085,2
18,48,36127,2
8,30,116729,1
7,44,105198,2
8,58,111775,2
7,44,39593,2
11,38,30872,2
14,0,47289,0
2,0,0,0
16,84,57012,2
9,48,91129,2
4,19,52104,1
3,56,0,0
13,0,0,0
17,16,43760,1
20,68,73818,2
20,24,0,0
7,0,97086,0
3,30,44236,1
19,20,0,0
19,64,80333,2
11,68,0,0
17,0,49076,0
5,0,63301,0
10,46,0,0
20,18,88766,1
1,62,70126,2
16,0,87926,0
12,42,59582,2
5,52,35297,2
16,0,111547,0
11,67,98071,2
15,0,42648,0
9,72,31279,2
12,59,117479,2
18,0,64412,0
16,43,43332,2
8,17,84401,1
9,57,0,0
15,0,35231,0
19,25,0,0
10,36,100462,1
4,46,97217,2
13,29,69644,1
11,0,0,0
19,28,43297,1
9,77,100307,2
2,0,0,0
20,0,112936,0
13,0,118778,0
17,41,60708,2
4,54,32026,2
17,57,171590,2
17,70,98347,2
3,0,92344,0
19,0,0,0
2,0,0,0
18,54,103862,2
4,70,74974,2
10,25,57384,1
11,47,115227,2
2,0,62512,0
20,53,0,0
13,0,0,0
12,57,0,0
4,32,49471,1
13,54,94480,2
20,40,70046,2
19,42,68631,2
7,67,93182,2
11,44,148571,2
11,43,0,0
17,0,90057,0
14,25,96286,1
10,61,0,0
7,66,97949,2
10,45,69915,2
2,39,109417,1
16,44,68155,2
16,0,61444,0
1,0,68375,0
11,42,93268,2
11,50,103716,2
13,44,0,0
14,21,37071,2
19,0,108553,0
12,70,0,0
5,17,45270,1
1,51,59147,2
19,70,48288,2
9,33,49126,1
13,0,55295,0
7,31,83447,1
19,0,0,0
6,0,105314,0
15,0,0,0
18,43,0,0
9,70,102638,2
15,50,118546,2
13,0,106748,0
6,58,74783,2
4,26,65170,1
9,32,105836,1
14,24,81976,1
10,44,48380,2
18,30,69985,1
7,44,67746,2
6,61,82093,2
4,64,95382,2
8,26,90350,1
10,56,56687,2
5,50,45791,2
7,43,104045,2
3,0,37679,0
19,32,114314,1
16,0,62337,0
17,0,119587,0
15,50,0,0
8,47,0,0
15,54,82283,2
15,39,0,0
15,0,41968,0
14,0,103332,0
11,0,0,0
20,60,42304,2
14,26,85634,1
5,0,0,0
9,0,67019,0
1,42,0,0
17,59,43851,2
9,0,92060,0
2,58,81771,2
6,21,51565,1
6,0,85017,0
6,49,42067,2
12,19,50471,1
15,20,41986,1
13,56,88969,2
3,55,0,0
7,49,62651,2
4,68,41705,2
5,36,108867,1
20,0,34724,0
5,21,88067,1
11,69,119970,2
14,0,32976,0
13,70,0,0
19,29,96460,1
16,0,30406,0
4,59,81388,2
8,0,115725,0
11,0,33182,0
17,67,89629,2
1,51,70154,2
6,31,57609,1
12,0,66627,0
13,51,77502,2
19,26,40803,1
8,36,113645,1
6,27,36878,2
14,69,114942,2
15,65,41500,2
6,56,74912,2
17,0,0,0
5,43,0,0
9,37,47209,1
2,50,92982,2
20,39,36281,2
1,47,90499,2
14,67,58189,2
19,64,43540,2
16,51,52247,2
15,51,60456,2
11,26,43652,1
9,0,52869,0
3,23,72681,1
4,43,0,0
17,52,90128,2
9,0,62609,0
5,0,47787,0
14,38,81152,1
16,49,57556,2
13,51,53017,2
2,49,51850,2
14,51,86265,2
10,26,115806,1
1,20,54777,1
17,62,97296,2
14,36,0,0
11,24,0,0
4,39,104255,1
10,46,43526,2
20,0,55422,0
12,33,34917,2
14,0,113086,0
14,59,109047,2
1,62,50132,2
16,0,74385,0
5,0,51570,0
5,47,49265,2
8,21,0,0
14,53,103587,2
16,18,50931,1
11,21,0,0
8,52,100994,2
7,59,81333,2
7,69,70966,2
1,61,0,0
14,43,52267,2
7,64,114180,2
4,26,72550,1
20,35,83232,1
5,58,75619,2
3,50,0,0
14,0,95744,0
18,0,92885,0
14,54,146369,2
2,34,98971,1
6,70,98963,2
12,54,0,0
2,23,105564,1
4,31,93136,1
2,19,33397,2
1,0,101571,0
9,55,98272,2
12,0,107197,0
3,40,0,0
18,46,91759,2
9,0,74657,0
11,59,64911,2
11,0,67384,0
13,32,0,0
6,34,92513,1
18,52,0,0
2,51,109723,2
15,63,37443,2
13,31,66599,1
9,0,91142,0
18,41,86902,2
2,0,115891,0
20,49,0,0
10,17,40458,1
10,17,33347,2
17,35,107110,1
19,54,81671,2
18,22,0,0
3,42,110810,2
4,39,63612,1
17,21,0,0
9,53,0,0
6,68,36419,2
19,0,40462,0
3,53,112643,2
1,0,89428,0
1,26,52144,1
19,29,112385,1
2,65,76803,2
15,35,80312,1
3,38,57869,1
13,52,94003,2
4,20,43641,1
4,17,0,0
10,32,94255,1
17,45,61647,2
2,36,0,0
17,26,91428,1
2,0,105935,0
1,0,75437,0
6,70,0,0
3,43,100292,2
11,0,82648,0
16,49,0,0
13,35,0,0
8,20,0,0
10,28,70865,1
13,40,39852,2
20,44,68056,2
11,19,30576,2
20,36,111105,1
3,59,36594,2
8,30,101094,1
9,0,0,0
8,39,112092,1
9,56,0,0
17,55,81982,2
1,0,87838,0
6,43,118247,2
8,30,86338,1
12,69,102405,2
5,48,55363,2
12,0,30558,0
12,59,95902,2
9,16,93523,1
19,61,0,0
9,0,94377,0
20,57,91681,2
17,42,0,0
9,37,41623,1
5,0,100676,0
6,0,119674,0
19,43,103196,2
20,52,114781,2
14,31,65149,1
1,66,0,0
16,47,62392,2
11,48,118805,2
3,54,55203,2
4,0,0,0
18,35,155860,1
2,20,91573,1
11,45,65955,2
10,23,83302,1
17,0,89108,0
4,41,93670,2
3,29,0,0
16,41,98457,2
2,17,0,0
18,32,0,0
17,56,67773,2
1,0,109701,0
19,51,74191,2
8,33,42963,1
3,36,97642,1
1,57,108432,2
10,16,59661,1
7,32,41446,1
2,69,88021,2
5,58,69877,2
7,57,33248,2
7,26,0,0
11,63,56719,2
1,31,75607,1
3,22,38455,2
15,22,85150,1
1,57,73744,2
15,0,41636,0
15,40,0,0
12,41,71744,2
4,50,98675,2
6,0,81735,0
6,0,0,0
3,60,65307,2
9,58,119446,2
3,75,36256,2
4,36,106916,1
7,46,98442,2
16,58,0,0
5,34,78082,1
19,29,78258,1
17,31,71723,1
1,50,0,0
19,0,0,0
18,23,89888,1
8,42,97856,2
16,62,51678,2
5,20,70729,1
18,54,107487,2
15,55,109209,2
17,0,150182,0
18,58,53738,2
8,69,0,0
15,64,110234,2
2,33,0,0
12,0,0,0
12,57,37517,2
16,39,0,0
1,36,0,0
8,20,0,0
9,0,91864,0
4,16,92872,1
9,32,110756,1
12,69,123872,2
5,32,43634,1
15,0,148327,0
14,67,105688,2
9,65,0,0
2,62,0,0
5,22,33518,2
9,48,84044,2
1,33,82066,1
6,17,95325,1
12,49,84689,2
16,30,89068,1
5,29,0,0
7,51,60606,2
20,64,144943,2
7,40,88564,2
5,37,0,0
19,55,37263,2
15,66,90626,2
10,69,119277,2
19,31,0,0
4,64,50030,2
8,70,81137,2
11,53,96174,2
15,27,55197,1
9,32,38500,2
18,16,103549,1
